,FECHA_DOC,DESCR,COSTO_UNITARIO
0,2022-01-05,"TUB COBRE 5/16""ØX165MM CIRCULA1.5KW127V",52.8
1,2022-01-05,"TUA U"" 5/16 ØX250MM 1200W 120V TAP1""NPT",327.18
2,2022-01-05,TERMOPAR J 3/16 Ø X 1' 1/2 EXT. 7 MT,177.68
3,2022-01-05,TERMOPAR J 3/16 Ø X 1' 1/2 EXT. 1 MT,38.96
4,2022-01-05,BAN P INOX 115MMX235MM 1000W 127V T/TOR,101.71
5,2022-01-05,BAN P INOX 55MMX235MM 450W 127V T/TOR,49.41
6,2022-01-05,REPARACION DE BATIDOR 16.6KW 440V,5323.76
7,2022-01-05,TERMOPAR J 3/16 Ø X 1' 1/2 EXT. 1 MT,38.96
8,2022-01-05,"TUB INCOLOY 1/2""Øx412mm J 9KW 240V PLACA",517.89
9,2022-01-05,"TUB INCOLOY 1/2""Øx412mm J 9KW 240V PLACA",517.89
10,2022-01-05,"TUB INCOLOY 1/2""Øx412mm J 9KW 240V PLACA",517.89
11,2022-01-05,"TUB INCOLOY 1/2""Øx412mm J 9KW 240V PLACA",0.0
12,2022-01-05,"TUB INCOLOY 1/2""Øx412mm J 9KW 240V PLACA",0.0
13,2022-01-05,BOB 8020 CAL.26 127V BAS28.5CMX27CM MICA,0.0
14,2022-01-05,BC INOX 114MMØX165MM 1500W 230V C/ALLEN,0.0
15,2022-01-05,"PT-100 1/8""ØX30MM EXT 1.5MT 3HILOS Z/ESP",51.73
16,2022-01-05,"TERMOPAR CERAMICO T/K"" LONG 12"" CAL 8""",124.0
17,2022-01-05,"TER J 3/16""ØX2"" EXT.2MT CON-1/2"" NPT",0.0
18,2022-01-05,BAN MICA 120mmØx50mm 850W 440V TTORNILLO,0.0
19,2022-01-05,BAN MICA Ø120MM X 50 MM 700W 440V T TOR,0.0
20,2022-01-05,BAN INOX 36MMØX25MM 150W 240V EXT30CM,27.43
21,2022-01-07,"PT-100 3/16""ØX11/2"" EXT3MTS TEFLON Z-PIN",147.76
22,2022-01-07,PT-100 4MMØX10CM EXT 5MT TEFLON 2HILOS,259.35
23,2022-01-07,"PT-100 DE 1/4""ØX14.5CM EXT 5MT CONECTOR",332.65
24,2022-01-07,REPARACION DE TERMOPAR,0.36
25,2022-01-07,"TUB INOX 7/16""ØX510MM ""U""8000W 440V TAP",1081.89
26,2022-01-07,"TERMOPAR CERAMICO T/K"" LONG 12"" CAL 8""",124.0
27,2022-01-07,"TERMOPAR CERAMICO T/ K"" LONG 12"" CAL.14""",44.14
28,2022-01-07,,489.39
29,2022-01-07,BOBINA CAL.8 DSD C/TERMINALES EN INOX,305.44
30,2022-01-10,"TUB INOX 7/16""ØX490MM U ESP 3200W 220V",295.24
31,2022-01-10,BOBINA CAL.8 DSD C/TERMINALES EN INOX,305.44
32,2022-01-10,"TUB INOX 1/4""ØX6"" 1675W 120V PARRILLA",178.6
33,2022-01-11,"TER J 3/16""ØX1"" EXT.2MTS MALLA Z/ESPADA",68.95
34,2022-01-11,"TER K 3/16""ØX1"" EXT.2MT RES/MALLA INOX",78.32
35,2022-01-11,REPARACION DE SELLADORA PCS-300,5.76
36,2022-01-11,REPARACION DE SELLADORA PCS-200,45.01
37,2022-01-11,BAN INOX 197MMØX152MM 3500W 440V T/TORNI,289.05
38,2022-01-12,"CART INOX 3/8""Øx8"" 340W, 220V CABLE 35CM",64.85
39,2022-01-12,"PT-100 3/16""ØX11/2"" EXT3MTS TEFLON Z-PIN",0.0
40,2022-01-12,"TUB INOX 1/2""ØX1030MMX980MM 3KW480V ""L""",0.0
41,2022-01-12,"TUB INOX 7/16""ØX80CM 1200W 127V T/TOR",101.71
42,2022-01-12,BOB 8020  CAL.19 79MMØX750MM GAZA 40CM,0.0
43,2022-01-12,"TUB INOX 5/16""ØX50CM 4000W240V ""J"" 1""NPT",0.0
44,2022-01-13,"TER J 3/16""ØX50MM TRANS 1/4""ØX4MM EXT3MT",0.0
45,2022-01-14,"TUB INOX. 5/16""Øx1 MTS 900W, 127V. U TOR",140.29
46,2022-01-14,"TUB INOX 7/16""ØX410MM 2500W220V CIRCULAR",181.88
47,2022-01-14,"TUB INOX 7/16""ØX36.4CM 2500W220V ""M ESP""",249.89
48,2022-01-14,"TUB INOX 5/16""Øx64CMS 700W220V.",48.56
49,2022-01-14,"TUB INOX 5/16""ØX111MM 2500W220V ESPIRAL",0.0
50,2022-01-17,"TUB. INOX. 5/16 Øx615mm. 2000W 440V ""U""""",85.29
51,2022-01-17,"BOQUILLA 11/2X1""1/2"" 300W 240V""",220.0
52,2022-01-17,TERMOPAR J 3/16 Ø X1'  1/2 EXT.  8 MT,211.36
53,2022-01-17,"TUB INOX 5/16""ØX110MM 1500W 127V ESPIRAL",242.48
54,2022-01-17,"TUB INOX 5/16""ØX110MM 1500W 240V ESPIRAL",235.56
55,2022-01-17,"TUB INOX 5/16""ØX383MMØX354MM 2KW240V CHI",0.0
56,2022-01-17,"TUB INOX 5/16""ØX383MMØX354MM 2KW240V GDE",0.0
57,2022-01-17,BOB 8020 CAL.19 1612W 127V CER-8CANALES,44.7
58,2022-01-18,"AEROPACK J 1/16""ØX2"" T-1/8""ØX11/2"" EXT1M",4.02
59,2022-01-19,"CAS INOX 1/2""ØX 2 1/2"" 400W220V EXT.30CM",69.23
60,2022-01-19,"CAS INOX 1/2""ØX 2 1/2"" 400W220V EXT.30CM",69.23
61,2022-01-19,BC PLANA INOX 52MMX60CM 750W 220V T/TOR,556.14
62,2022-01-19,BC PLANA INOX 51MMX490MM 1000W 220V T/TO,447.68
63,2022-01-19,BAN P COMUN 74MMX50CM 750W 220V T/TOR,95.82
64,2022-01-19,TIRA INOX 38MMX440MM 750W 230V T/TIPO H,158.4
65,2022-01-19,"TUB INOX 7/16""Øx190mm 2000W 400V BUS/LAT",272.65
66,2022-01-19,BAN INOX 58MMØX30MM 200W 230V EX1MT ALLE,161.63
67,2022-01-19,BAN INOX 122MMØX50MM 750W460V EXT1MT STD,105.68
68,2022-01-20,"TUB INOX 7/16""ØX742MM U 20KW440V BRIDA6""",0.0
69,2022-01-20,BAN P COMUN 100CMX21MM 900W220V T/TOR,51.38
70,2022-01-20,BAN P INOX 28MMX128MM 125W 230V T/TOR,291.72
71,2022-01-21,"TER K 3/16""ØX1 1/2"" EXT.7MT MALLA Z/ESPA",0.0
72,2022-01-21,BAN P A/COMUN 200MMx102MM 390W127V T/TOR,52.48
73,2022-01-21,"TUB INOX 7/16""ØX210MM 800W127V ""U""  BUSH",139.82
74,2022-01-21,"TUB. ENCAPSULADA 5/16Øx780mm 1500W 240V""",275.5
75,2022-01-21,"TUBULAR  J"" 5/16"" 230MM 4500W 220V""",200.3
76,2022-01-24,TUB ESP 10MMØX1985MM 1000W 440V BUS/SOPO,372.67
77,2022-01-24,BOB 8020 CAL. 13 13.7MMØX1.5MTS GAZA30CM,360.5
78,2022-01-24,"BOB 8020 CAL.13 13.7MMØX800MM ""U""GAZ30CM",337.97
79,2022-01-24,CARTUCHO 8MMØ X290MM 500W 220V,113.47
80,2022-01-24,TERMOPAR J 3/16 Ø X 1' 1/2 EXT. 2.5 MT,77.13
81,2022-01-24,BAN INOX 103MMØX45MMØX65MM 400W255V ESP,0.0
82,2022-01-24,BAN M/L INOX 210mmØx70mm 650W 255V CABLE,0.0
83,2022-01-24,BAN M/LUNA 210MMØX70MM 1.6KW255V CLA-STD,0.0
84,2022-01-25,"TUB INOX 5/16""Øx120MTS LONG. 1000W 120V.",85.89
85,2022-01-25,"TER J 1/8""Øx115mm LONG EXT. DE 1220mm CL",95.96
86,2022-01-25,"TER J 3/16""Øx8mm EXT. .90CMS CLAVIJA",131.65
87,2022-01-25,TER K 12MMØX22CM EXT8MT MAQ-ESPECIAL,0.0
88,2022-01-25,TERMOPAR J 3/16 Ø X 1' 1/2 EXT. 2 MT,71.25
89,2022-01-26,TERMOPAR J 3/16 Ø X 1' 1/2 EXT. 1 MT,38.96
90,2022-01-26,"TUB INOX 7/16""ØX500MM 3000W240V BUS3/4""",363.33
91,2022-01-26,"CAS INOX 1/4""ØX1 1/4"" 100W 127V EXT.30CM",27.08
92,2022-01-27,"TUB INOX 7/16""ØX280MM ""U"" 9000W260V PLAC",436.54
93,2022-01-27,TERMOPAR J 3/16 Ø X 1' 1/2 EXT. 1 MT,38.96
94,2022-01-28,"TER K 1/8""ØX15CM EXT2MT MALLA INOX  ZAP",113.22
95,2022-01-28,REPARACION DE SOLDADURA A PLACAS TUBULAR,0.0
96,2022-01-28,"TUB INOX 1/2""Øx500mm LONG ""U"" 2000W 220V",0.0
97,2022-01-28,"TUB INOX 5/16""Øx320mm 4000W 230V TAPON",0.0
98,2022-01-28,"CAS INOX 3/8""ØX2 1/2"" 175W 127V EXT.30CM",0.0
99,2022-01-28,TERMOPAR J 3/16 Ø X 1' 1/2 EXT. 2 MT,71.25
100,2022-01-28,"TERMOPAR K 3/16Ø  X 1'  1/2 EXT. 2 MT""",75.89
101,2022-01-31,"PT-100 5/16""ØX40CM CON1/2""NPT EXT10M PLI",0.0
102,2022-01-31,"TER EK DOBLE1/2Øx12""x24"" EN INOX-T316""",1041.08
103,2022-01-31,"TERMOPAR K DOBLE CAL8 x18 FUND INOX 316""",1298.68
104,2022-01-31,"TER J 1/4""ØX4"" CON 1/2""-1/2""NPT BLOCK-CA",0.0
105,2022-01-31,"TUB INOX 7/16""Øx280mm U 9000W 240V PLACA",435.3
106,2022-01-31,"TUB INOX 1/4""ØX123MM 250W220V CIRCULAR/M",0.0
107,2022-01-31,FAB BOBINA 8020 2000W 220V BASTIDOR NVO,167.3
108,2022-01-31,"RC 5/16""ØX37CM 300W 110V EXT. 25CM",104.4
109,2022-01-31,"TUB INOX 1/2""ØX2018MM 4000W 250V ESP/BUS",0.0
110,2022-01-31,"TU ""U"" Ø 8 MM X 500 MM 3000 W 220V",0.0
111,2022-01-31,"TUB INOX 5/16""ØX362CM 5000W220 V T/CABLE",0.0
112,2022-01-31,TUE Ø 8 MM X 303 APROX 5000 W 220 V,0.0
113,2022-01-31,"TUBU"" 5/16""Øx21.5cm 2700W220V 3PZ COBRE""",0.0
114,2022-01-31,"TUB INOX 7/16""ØX26CM 2700W 240V ""M"" BUSH",281.94
115,2022-01-31,CAS INOX 12MMØX90MM 220W 110V  EXT.15CMS,0.0
116,2022-01-31,BB INOX 40MMØX60MM 300W 240V EXT.30CM,0.0
117,2022-01-31,"TUB INOX 1/4""Øx280mm 200W 120V RECTA ZAP",13.38
118,2022-02-01,"TUBULAR  J"" 5/16"" 230MM 4500W 220V""",0.0
119,2022-02-01,"TER J 3/16""ØX5"" EXT4MT RES/MALLA INOX",0.0
120,2022-02-01,"TER J 3/16""ØX9"" EXT4MT RES/MALLA INOX",0.0
121,2022-02-02,"BOQUILLA 11/2X1""1/2"" 300W 240V""",220.0
122,2022-02-02,"CAR BAJA INOX 5/8x97CMS 2400W 440V CABL""",492.92
123,2022-02-02,"TUB INOX 1/4""Øx280mm 200W 120V RECTA ZAP",13.38
124,2022-02-02,"TUB INOX 5/16""ØX25.5CM 2500W110V CLIP PL",174.76
125,2022-02-02,TERMOPAR J 3/16 Ø X 1' 1/2 EXT. 3 MT,0.0
126,2022-02-02,CAE 12.5MMØx312.42MMLONG 90° 1200W 220V,246.94
127,2022-02-03,"CAS INOX 1/2""ØX3 1/2"" 400W 127V EXT.30CM",90.18
128,2022-02-03,"TERMOPOZO COBRE 3/8""x126mm 1/2""A1/2"" NPT",156.83
129,2022-02-03,"TUB INOX 5/16""ØX240MM 1000W 120V BUS5/8",0.0
130,2022-02-03,"TUB INOX 7/16""ØX26CM 1100W127V BUSH",0.0
131,2022-02-03,"CAS INOX 1/2""ØX5"" 750W127V EXT.30CM",0.0
132,2022-02-03,"TUB INOX 1/4""ØX16CM 700W127V ESPIRAL TAP",130.78
133,2022-02-03,"TUB INOX 1/4""ØX16CM 700W127V ESPIRAL PLA",134.36
134,2022-02-04,"TUB 7/16""X46CMS U 1500W 480V. ESPECIAL",189.47
135,2022-02-04,"BOQUILLA 2X2""  350W 240V""",220.0
136,2022-02-04,"TUB COBRE 5/16""ØX225MM 2400W115V TAP",395.14
137,2022-02-04,"TUB INOX 5/16""ØX20CM 2000W 220V ""J"" TAP",141.65
138,2022-02-08,"CBS 90° 3/4""Øx39.9/16 2600W400V EXT. 55""",526.27
139,2022-02-08,"BN 3""ØX5""ANCHO 1000W 220V CIERRE STD",0.0
140,2022-02-08,PISTOLA DE AIRE 3500W 220V,96.78
141,2022-02-08,"TUB INOX 5/8""ØX150CM 2590W 256V REC/ALET",533.27
142,2022-02-08,"PT-100 3/16""ØX 1 1/2"" CON 3/8""-A1/2""NPT",319.99
143,2022-02-08,"TUB INOX 5/16""ØX307MM  2100W220V ""M"" CUA",0.0
144,2022-02-09,"TUB INOX 7/16""ØX210MM 800W127V ""U""  BUSH",168.4
145,2022-02-09,"TUB INOX 7/16""ØX58CM 8000W240V ""U"" CLAMP",0.0
146,2022-02-09,"TEA K"" 18mmØx540mm CABEZA MARINA""",0.0
147,2022-02-09,"TUB ""U"" 8mmØx650mm 10kW 440V 2pz TAPON",0.0
148,2022-02-09,"TUB INOX 1/4""Øx185MM 900W 120V ""M"" T-90°",78.83
149,2022-02-10,"RC 3/8""ØX175MM 375W125V EXT25CM",0.0
150,2022-02-10,"TUBULAR  U"" 1/2""Øx660mm 4500W440V 3pz""",0.0
151,2022-02-10,"TUB RECTA 1/2""ØX800MMLON 1000W 73V T/TOR",0.0
152,2022-02-10,"TERMOPAR CERAMICO T/K"" LONG 24"" CAL 8""",222.0
153,2022-02-10,"TERMOPAR K 3/16Ø X 1'  1/2 EXT. 3 MT""",113.59
154,2022-02-11,"CBS INOX 5/8""ØX13"" 1700W 240V EXT.30CM",153.97
155,2022-02-11,ELEMENTO K CAL.8X131.6MM CERAM/BLOCK CER,112.64
156,2022-02-11,TERMOPAR J 3/16 Ø X 1' 1/2 EXT. 3 MT,87.1
157,2022-02-11,"CBS INOX 3/8""ØX90CM 1300W 240V EXT.1MT",0.0
158,2022-02-11,"TER K 3/16""ØX1 1/2"" EXT.3MT MALLA S/ZAP",0.0
159,2022-02-14,BN INOX 111MMØX85MM 1000W127V CIERRE STD,182.75
160,2022-02-14,"CAS INOX 3/8""ØX7"" 500W 127V EXT1MT",0.0
161,2022-02-14,"CAS INOX 3/8""ØX8"" 500W 127V EXT1MT",0.0
162,2022-02-14,BAN M/LUNA 129MMØX99MM 450W440V C/STD TO,36.92
163,2022-02-14,BAN INOX 197MMØX152MM 3500W 440V T/TORNI,299.62
164,2022-02-14,BAN P COMUN 218MMX85MM 800W440V 2BA T/TO,31.72
165,2022-02-14,BAN P COMUN 219MMX275MM 1800W440V 4B/TOR,155.39
166,2022-02-14,BAN P COMUN 197MMX31CM 2000W440V 4BA TOR,145.21
167,2022-02-14,BAN A/COMUN 263mmØx115mm 2800W 220V STD,150.74
168,2022-02-14,"TUB INOX 1/4""Øx280mm 200W 120V RECTA ZAP",17.39
169,2022-02-14,TERMOPAR J 3/16 Ø X 1' 1/2 EXT. 4 MT,106.55
170,2022-02-14,CAM INOX 12.5MMØX100MM 750W 240V EXT30CM,0.0
171,2022-02-14,REPARACION DE PLANCHA 4500W 240V ESP,0.0
172,2022-02-15,"TUB INOX 1/4""ØX50CM 400W127V RECTA T/TOR",0.0
173,2022-02-15,"TUB INOX 5/16""Øx335mm. U 7600W 230V PLAQ",0.0
174,2022-02-15,"TUBULAR  J"" 5/16"" 230MM 4500W 220V""",0.0
175,2022-02-16,TERMOPAR J3/16 Ø X 1' 1/2 EXT.  1.5 MT,51.36
176,2022-02-16,"PT-100 2MMX1"" DESNUDO EXT.113CM SOGUILLA",98.64
177,2022-02-16,"PT-100 5/16""ØX40CM CON1/2""NPT EXT10M PLI",1214.3
178,2022-02-16,"TUBULAR U"" 5/16"" 203MM 1500W 127V""",0.0
179,2022-02-17,"TUB INOX 1/4""Øx355MM 4500W230V ESP/PLAC",431.83
180,,"TERMOPAR CERAMICO T/K"" LONG 12"" CAL 8""",124.0
181,2022-02-17,"TUB INOX 1/4""Øx1500mm 3000W 230V BUSHING",175.18
182,2022-02-17,REPARACION DE HORNO 780W 120V MAR-VULCAN,12.4
183,2022-02-17,BOB DSD CAL.6 86MMØX713MM U 48KW440V GA,0.0
184,2022-02-17,"AEROPACK J 1/16""ØX2"" T-1/8""ØX11/2"" EXT1M",36.53
185,2022-02-18,"TEA K 1/2""ØX53CM CO/1/2""NPT INOX C/MARIN",672.74
186,2022-02-18,"TEA K 1/2""ØX130CM CO/1/2""NPT INOX C/MARI",1190.42
187,2022-02-18,"TER K 1/4""ØX2"" EXT.1MT RESORT C/MINI MAC",0.0
188,2022-02-18,"TER T 3/16""ØX51CMX6CM EXT2MT CON-1/8 90°",0.0
189,2022-02-18,"TER T 3/16""ØX127MMX6CM EXT5MT CON-1/8 90",0.0
190,2022-02-18,"TUB INOX 5/16""ØX203MM 1500W 240V U TAP1""",112.61
191,2022-02-18,"TEA K 1/2""Øx1800mm CON1/2-1/2 C/MARINA",0.0
192,2022-02-18,TERMOPAR J 3/16 Ø X 1' 1/2 EXT. 1 MT,38.96
193,2022-02-21,"TUB INOX 5/16""ØX800MM 2000W127V ""J"" TBOY",227.18
194,2022-02-21,"TEA K 1/2""ØX18""X24"" ESCUADRA BLOCK/CMARI",0.0
195,2022-02-21,"TUB ALETADA 5/16""ØX32CM 750W 220 V",304.25
196,2022-02-22,"TERMOPAR CERAMICO T/K"" LONG 18"" CAL 8""",173.0
197,2022-02-22,REPARACION SELLADORA PCS300,29.9
198,2022-02-22,"TERMOPAR CERAMICO T/K"" LONG 24"" CAL 8""",222.0
199,2022-02-22,"TUB INOX 7/16""ØX80CM 960W 240V RECTA T/T",0.0
200,2022-02-22,"TUB INOX 3/8""ØX33.5CM 6000W480V ""U"" PLAC",378.69
201,2022-02-22,"BOQUILLA 11/2X1""1/2"" 300W 240V""",220.0
202,2022-02-22,"BOQUILLA 11/2X1""1/2"" 300W 240V""",0.0
203,2022-02-22,"TERMOPAR K 3/16Ø  X 1'  1/2 EXT. 2 MT""",0.0
204,2022-02-23,TUB ESP 10MMØX1985MM 1000W 440V BUS/SOPO,0.0
205,2022-02-23,"BAN P INOX 1 1/2""X12"" 240V W-MAX",37.66
206,2022-02-23,"BAN P INOX 1 1/2""X14"" 240V W-MAX",44.54
207,2022-02-23,"BAN P INOX 1 1/2""X16"" 240V W-MAX",48.09
208,2022-02-23,"BAN P INOX 1 1/2""X18"" 240V W-MAX",51.09
209,2022-02-23,"BAN INOX 12""ØX 1 1/2"" 1250W 240V C/ALLEN",141.49
210,2022-02-23,"BAN INOX 14""ØX 1 1/2"" 1500W240V C/ALLEN",201.21
211,2022-02-23,"BAN INOX 16""ØX1 1/2"" 1750W 240V C/ALLEN",188.85
212,2022-02-23,"BAN INOX 20""ØX 11/2"" 2300W 240C C/ALLEN",297.2
213,2022-02-23,"BAN P INOX 7""X1 1/2"" 900W 240V T/TOR",30.17
214,2022-02-23,"TER J 1/4""X1/2"" EXT1MT TORNILLO LOCO",54.82
215,2022-02-23,"TUB INOX 5/16""Øx197CM 2500W 220V ""M"" ESP",0.0
216,2022-02-23,"RC 5/8""ØX748MM 1100W220V T/TORNILLO",0.0
217,2022-02-23,"CAS INOX 5/8""ØX4"" 600W 127V EXT 30CM",112.8
218,2022-02-23,"CAS INOX 5/8""ØX4"" 600W 127V EXT 30CM",112.8
219,2022-02-23,"TUB INOX 5/16""ØX800MM 2000W127V ""J"" TBOY",0.0
220,2022-02-24,CBS INOX 27MMØX180CM 1000W 440V CAJA ESP,0.0
221,2022-02-24,"TUB INCOL 5/16""ØX355MM 9000W240V J T/BOI",0.0
222,2022-02-24,"TEA J"" 3/16""Øx22MM EXT2MT BAY2GIR/ADAPT",101.99
223,2022-02-24,"ELEM K CAL. 8 x12"" C/FUNDA CERAMICA",0.0
224,2022-02-24,"CAS INOX 1/2""X5"" 250W 240V EXT30CM",0.0
225,2022-02-25,"TUB INCOLOY 1/2""Øx412mm J 9KW 240V PLACA",1179.22
226,2022-02-25,"TUB INCOLOY 1/2""Øx412mm J 9KW 240V PLACA",1179.22
227,2022-02-25,"TUB INCOLOY 1/2""Øx412mm J 9KW 240V PLACA",1179.22
228,2022-02-25,"TUB INCOLOY 1/2""Øx412mm J 9KW 240V PLACA",1179.22
229,2022-02-25,"TUB INCOLOY 1/2""Øx412mm J 9KW 240V PLACA",1179.22
230,2022-02-25,"TUB INOX 1/2""ØX2018MM 4000W 250V ESP/BUS",338.28
231,2022-02-25,TERMOPAR J 3/16 Ø X 1' 1/2 EXT. 6 MT,160.14
232,2022-02-25,TERMOPAR J 3/16 Ø X 1' 1/2 EXT. 4 MT,106.55
233,2022-02-25,TERMOPAR J 3/16 Ø X 1' 1/2 EXT.  5 MT,137.48
234,2022-02-25,"TEA J"" 3/16""Øx22MM EXT2MT BAY2GIR/ADAPT",119.05
235,2022-02-25,CART INOX 11.43mmØx450mm 300W 48V CABLE,0.0
236,2022-02-25,CARTUCHO Ø 8 MM X340 MM 500W 220 V,127.62
237,2022-02-25,CARTUCHO ESC.Ø 8MM X 325 MM 500W 220V,120.29
238,2022-02-25,CARTUCHO Ø8MM X 260MM 500W 220V,113.69
239,2022-02-25,CARTUCHO Ø 8 MM X 500 MM 500 W 220 V,161.1
240,2022-02-25,CARTUCHO Ø 10 MM X 460 MM 500W 220V,131.71
241,2022-02-25,"PT-100 1/4""ØX4"" CON1/2""-1/2"" NPT C/MARIN",0.0
242,2022-02-28,"CAS INOX 1/2""ØX3"" 400W 127V EXT.30CM",88.95
243,2022-02-28,"TUB INOX 1/4""ØX135MM 700W127V ESPIRAL 4V",7342.41
244,2022-02-28,BAN P INOX 250MMX290MM 2000W 220V EXT2MT,0.0
245,2022-02-28,"TUB. ENCAPSULADA 5/16Øx780mm 1500W 240V""",339.43
246,2022-02-28,"TUB INOX 5/16""ØX700MM 780W 220V ""M"" ESPE",29.29
247,2022-02-28,"CAS INOX 1/2""ØX3 1/2"" 400W 127V EXT.30CM",90.42
248,2022-02-28,"TUB INOX 1/4""ØX80CM 800W127V RECTA T/ZAP",0.0
249,2022-02-28,"TUB INOX 5/16""ØX1550MM ""CLIP"" 7000W 220V",0.0
250,2022-02-28,"TER J 1/4""ØX4"" CON1/2""-1/2"" NPT EXT.8MT",0.0
251,2022-02-28,"TUB INOX 1/2""Øx410mm J 11KW 240V PLAQUIT",0.0
252,2022-02-28,"TUB INOX716Øx1421mm LONG ""M"" 3000W/220V""",0.0
253,2022-02-28,"TUB INOX 3/8""ØX158MM 2000W 127V CIRCULAR",0.0
254,2022-02-28,"TUB INOX 5/16""ØX42CM 3650W280V ESP/PLAC",173.44
255,2022-02-28,"TUB INOX 5/16""Øx310MM ""U"" 800W110V T/TOR",0.0
256,2022-02-28,"BB Ø1.766""X1.432""  250W220V 3H TPLICA 1M",0.0
257,2022-02-28,"BB Ø4.5""X1.265"" 500W 220V 3 H T PLICA 1M",0.0
258,2022-02-28,"BAN MICA 1.766Øx1.432"" 250W 220V C/TERM""",0.0
259,2022-02-28,"BAN MICA 4.500Øx1.265"" 500W 220V C/TERM""",0.0
260,2022-02-28,BAN M/LUNA 220MMØX215MM 2950W230V ALLEN,0.0
261,2022-02-28,"TER J 3/16""ØX1/2"" EXT3MT C/PLICA BAY1GIR",236.98
262,2022-02-28,"TUB INOX 7/16""ØX34CM 1800W240V ""U"" ALE-B",0.0
263,2022-02-28,"TER K 1/4""ØX8"" EXT.1MT RES-PIA C/CLAVIJA",0.0
264,2022-02-28,"TUB INOX 5/16""ØX700MM 780W 220V ""M"" ESPE",0.0
265,2022-02-28,"TUB INOX 5/16""ØX795MM 780W 120V T/TORNI",33.9
266,2022-03-01,BC PLANA 13CMX20CM 1500W240V OCTAGONAL,688.31
267,2022-03-02,"TUB COBRE 1/2""ØX218MM 700W 120V ELIPSE",236.68
268,2022-03-02,"TUB COBRE 7/16""ØX218MM 1500W 120V ELIPSE",210.46
269,2022-03-02,"PT-100 5/16""ØX40CM CON1/2""NPT EXT10M PLI",1214.3
270,2022-03-03,BP S/BLINDA 300MMX698MM 2500W 230V 18BA,918.12
271,2022-03-03,BP S/BLINDA 300MMX698MM 2000W 230V 18BA,0.0
272,2022-03-03,"BOQUILLA 2X2""  350W 240V""",220.0
273,2022-03-03,REPARACION DE BRIDA DE 125KW 1240V DELTA,0.0
274,2022-03-03,"TUB INOX 5/16""ØX42CM 3650W280V ESP/PLAC",173.44
275,2022-03-03,"TER K 1/4""Øx79CM DOBLEZ 90° C.STD MAC/HE",78.24
276,2022-03-03,TERMOPAR J 3/16 Ø X1'  1/2 EXT.  8 MT,211.36
277,2022-03-03,TERMOPAR J 3/16 Ø X 1' 1/2 EXT.  5 MT,137.48
278,2022-03-04,"TUB INOX 1/4""ØX443MM 500W220V RECTA-PLAC",0.0
279,2022-03-04,"TUB 7/16""X46CMS U 1500W 480V. ESPECIAL",235.81
280,2022-03-04,"TUB INOX 7/16""Øx1080MM ""U"" 5000W220V BUS",370.94
281,2022-03-04,"AEROPACK J 1/16""ØX2"" T-1/8""ØX11/2"" EXT1M",0.0
282,2022-03-04,"TUB INOX 7/16""ØX49CM 3000W127V ""U"" BUS",0.0
283,2022-03-07,TERMOPAR J 3/16 Ø X 1' 1/2 EXT. 3 MT,87.1
284,2022-03-07,"TUB INOX 1/4""ØX370MM 7500W 220V ""U"" PLAC",435.26
285,2022-03-07,"CAS INOX  3/8""ØX3"" 100W127 0V EXT.30CM",67.47
286,2022-03-08,BAN INOX 170MMØX55MM 1300W 440V C/STD,122.14
287,2022-03-08,BAN INOX 57MMØX45MM 250W260V CINT/ALLEN,152.37
288,2022-03-08,"TUB INOX 3/8""ØX75CM W MAX 480V ""M"" ESP",0.0
289,2022-03-09,BOB 8020 CAL.16 19MMØX1170MM 5300W 240V,216.65
290,2022-03-09,"ELEM K CAL. 8 x12"" C/FUNDA CERAMICA",1246.35
291,2022-03-09,"TERMOPAR CERAMICO T/K"" LONG 12"" CAL 8""",143.8
292,2022-03-09,"TUBULAR U"" 5/16"" 203MM 1500W 127V""",326.23
293,2022-03-09,"TUBULAR  J"" 5/16"" 230MM 4500W 220V""",212.44
294,2022-03-09,"TUB INOX 1/2""ØX293MM 2500W240V ""M"" ESPEC",317.3
295,2022-03-09,"TUB INOX 1/2""ØX293MM 2500W240V ""M"" ESPEC",317.3
296,2022-03-10,"TUB INOX 1/2""ØX34CM 2000W 240V ""U"" ALETA",269.6
297,2022-03-10,"CAS INOX 1/4""ØX2"" 175W240V EXT30CM C/TJ",0.0
298,2022-03-10,TERMOPAR J 3/16 Ø X 1' 1/2 EXT. 3 MT,87.1
299,2022-03-10,"TEA J"" 3/16""Øx22MM EXT2MT BAY2GIR/ADAPT",119.05
300,2022-03-10,"TUB. ESP. 5/16 1200W 120V TERM 90° 3""""",1666.85
301,2022-03-10,"TERMOPAR CERAMICO T/K"" LONG 12"" CAL 8""",143.8
302,2022-03-11,"BOBINA 8020 110W 110V EN/TUBO INOX2""X30""",2644.78
303,2022-03-11,"TUB ""J"" Ø 8 MM X 240 CM 5500 W 220 V",303.31
304,2022-03-11,PT-100 6MMØX110MM CONECTOR EXT15MTS,673.14
305,2022-03-11,"TUB INOX 7/16""ØX60CM 9000W240V 2 1/2""NPT",0.0
306,2022-03-11,"BOQUILLA 11/2X1""1/2"" 300W 240V""",220.0
307,2022-03-11,TERMOPAR J 3/16 Ø X 1' 1/2 EXT. 1 MT,38.96
308,2022-03-11,"TUB INOX 5/16""ØX430MM 6000W 230V",417.45
309,2022-03-14,"CAS INOX 1/2""ØX51.5CM 400W240V EXT1M SOG",261.77
310,2022-03-14,"CAS INOX 5/8""ØX72CM 2670W 480V EXT.30CM",0.0
311,2022-03-15,"BOQUILLA 11/2X1""1/2"" 300W 240V""",220.0
312,2022-03-15,"TUB Ø 7/16 X 71 CM LONG ""U"" 3600W440V",377.29
313,2022-03-15,"TUB INOX 5/16""ØX23CM ELIPSE 985W120V BUS",145.03
314,2022-03-15,"TUBULAR  J"" 5/16"" 230MM 4500W 220V""",212.44
315,2022-03-15,"TUB INOX 5/16""Øx40CMS U 2000W 220V TAPON",358.0
316,2022-03-15,"TUB INOX 5/16""ØX437MM 1000W127V ""M"" ESPE",97.81
317,2022-03-15,"TUB INOX 3/8""ØX38CM 6000W240V ""U"" PLACA",525.52
318,2022-03-16,"TUE ""J"" INOX Ø 5/16 X 33 CM 5000 W 240 V",248.65
319,2022-03-16,"TERMOPAR CERAMICO T/ K"" LONG 12"" CAL.14""",44.14
320,2022-03-16,"BOQUILLA 11/2X1""1/2"" 300W 240V""",220.0
321,2022-03-16,"TUB INOX 5/16""ØX56CM 5KW240V M ESP/CABLE",281.63
322,2022-03-16,BP S/BLINDAJE 94MMX102MM 250W120V 25CM C,0.0
323,2022-03-16,"TU ""U"" Ø 8 MM X 500 MM 3000 W 220V",541.44
324,2022-03-16,"TUB INOX 1/4""ØX29CM 160W127V RECTA/PLACA",0.0
325,2022-03-16,BAN M/LUNA 208MMØX108MM 530W120V C/CINTU,112.11
326,2022-03-16,"PT-100 3/16""Øx3 1/2"" LONG EXT3MTS,3HILOS",0.0
327,2022-03-16,"TUBULAR  U"" 1/2""Øx660mm 4500W440V 3pz""",761.07
328,2022-03-17,TERMOPAR J 3/16 Ø X 1' 1/2 EXT. 4 MT,106.55
329,2022-03-17,"TUB INOX 5/16""ØX46CM 3000W240V 11/4""NPT",626.37
330,2022-03-17,"TERMOPAR CERAMICO T/K"" LONG 12"" CAL 8""",143.8
331,2022-03-17,"TUB COBRE 7/16""ØX495MM U 3000W127V PLAC",327.61
332,2022-03-18,BAN M/LUNA 123MMØX107MM 600W 230V ESPECI,0.0
333,2022-03-18,BAN M/LUNA 208MMØX143MM 600W110V T/TOR,174.73
334,2022-03-18,"BOB DSD CAL.10 3/4""ØX1085MM 4000W127V",300.96
335,2022-03-18,"TUB INCOLOY 1/2""Øx412mm J 9KW 240V PLACA",1179.22
336,2022-03-18,"TUB INOX 7/16""ØX42CM 3000W240V ""M"" BUS",319.43
337,2022-03-18,"TUB INOX 7/16""ØX42CM 3000W240V ""M"" BUS",319.43
338,2022-03-18,"TUB INOX 5/16""ØX38CM 3000W240V ""U"" TAP",417.02
339,2022-03-18,"TUB INOX 5/16""ØX38CM 3000W240V ""U"" TAP",417.02
340,2022-03-22,BAND P INOX 175MMx90MM 300W 110V TORNILL,66.08
341,2022-03-22,"TUBULAR  J"" 5/16"" 230MM 4500W 220V""",212.44
342,2022-03-22,"PT-100 1/4""ØX12"" EXT1MT TEFLON 2 HILOS",98.65
343,2022-03-22,"BAN P INOX 11/2""X17"" 800W240V ESP-1/4""",64.98
344,2022-03-22,TERMOPAR J 3/16 Ø X 1' 1/2 EXT. 1 MT,38.96
345,2022-03-22,TERMOPAR J3/16 Ø X 1' 1/2 EXT.  1.5 MT,51.36
346,2022-03-22,TERMOPAR J 3/16 Ø X 1' 1/2 EXT. 1 MT,38.96
347,2022-03-23,REPARACION DE BATIDOR 16.6KW 440V,5211.65
348,2022-03-23,"TERMOPAR CERAMICO T/K"" LONG 24"" CAL 8""",222.0
349,2022-03-23,"TUBULAR  J"" 5/16"" 230MM 4500W 220V""",200.3
350,2022-03-23,TERMOPAR J 3/16 Ø X 1' 1/2 EXT. 3 MT,87.1
351,2022-03-23,"TUB INOX 1/2""ØX1015MM 5KW 240V ""U"" ALETA",0.0
352,2022-03-23,"CB 3/4 X41"" DE LARGO 1300W 220 V",0.0
353,2022-03-23,"TER K 3/16""Øx7mm LONG EXT. 5 MTS T/PLICA",519.02
354,2022-03-23,"BAN P INOX 5 1/2""X5 1/2"" 660W220V EX30CM",0.0
355,2022-03-23,"BAN P INOX 5 1/2""X4 1/2"" 600W220V ESPEC",0.0
356,2022-03-23,"TUB INOX. 5/16""Øx510mm CLIP 9KW 230V TAP",1282.76
357,2022-03-23,"TUB INOX 1/4""Øx150MM 900W 220V ESP/NAYLA",116.97
358,2022-03-23,REPARACION DE HORNO 3500W220V,0.0
359,2022-03-23,"TUB ""U""7/16""ØX835mm EN BRIDA3""18KW440V.",0.0
360,2022-03-23,"P.CUARZO 19""LARGOx10"" ANCHO 5KW 480V",0.0
361,2022-03-24,"TUB INOX 5/16""ØX120CM 1250W 127V T/TOR",97.0
362,2022-03-24,"CAS INOX 1/2""ØX 2 1/2"" 400W220V EXT.30CM",71.53
363,2022-03-24,"CAS INOX 1/2""ØX3"" 400W 240V EXT.30CM",88.34
364,2022-03-24,TK 6MMØX80CM EXT.50CM DOBLEZ 90° 4 HILOS,228.89
365,2022-03-24,BAN M/L COMUN 137mmØx82mm 800W 220V,0.0
366,2022-03-24,"BAN P COMUN 1""X48"" 1000W 240V EXT.30CM",0.0
367,2022-03-24,RES EN CINTA NICRO4.0X0.101-2.8OHMS LAMI,0.0
368,2022-03-25,BOE 45MMØX1360MM 3500W440V ROCHETA,1137.06
369,2022-03-25,BOE 45MMØX900MM 3500W440V ROCHETA,698.18
370,2022-03-25,TERMOPAR J 3/16 Ø X1'  1/2 EXT.  8 MT,211.36
371,2022-03-25,TERMOPAR J 3/16 Ø X 1' 1/2 EXT. 10 MT,410.21
372,2022-03-25,TERMOPAR J 3/16 Ø X 1' 1/2 EXT. 1 MT,38.96
373,2022-03-28,BO ABIERTA ALAMBRE CAL. 6 40 KW 440 V,0.0
374,2022-03-28,TERMOPAR J 3/16 Ø X 1' 1/2 EXT. 2 MT,0.0
375,2022-03-28,TERMOPAR J 3/16 Ø X 1' 1/2 EXT. 2 MT,71.25
376,2022-03-28,"TEA K Ø3/4""X450MM NPT3/4"" CAB M STD",0.0
377,2022-03-28,REPARACION DE TUBO DE CUARZO 500W127V,102.22
378,2022-03-28,"TERMOPAR ""K"" C/ELEMENTO CAL.8 X750 MM",0.0
379,2022-03-28,"BAN COMUN  5""ØX6"" 1800W 240V  C/ALLEN",97.46
380,2022-03-28,"BAN COMUN 5""ØX4"" 1500W 240V C/ALLEN",172.28
381,2022-03-28,BAN COMUN 178MMØX71MM ANCHO 1300W 240V,155.02
382,2022-03-28,BAN COMUN 296MMØX71MM 2500W240V C/STD,177.36
383,2022-03-29,"BAN P INOX 11/2""x85"" LONG 2200W 220V 9BA",216.46
384,2022-03-29,"BAN P INOX 1 1/2"" x50"" LONG 1200W 220V",213.66
385,2022-03-29,"BAN P INOX 1 1/2""X12"" 240V W-MAX",37.66
386,2022-03-29,"BAN P INOX 1 1/2""X14"" 240V W-MAX",44.54
387,2022-03-29,"BAN P INOX 1 1/2""X16"" 240V W-MAX",48.09
388,2022-03-29,"BAN P INOX 1 1/2""X18"" 240V W-MAX",51.09
389,2022-03-29,TERMOPAR J 3/16 Ø X 1' 1/2 EXT. 2 MT,72.37
390,2022-03-29,"BOQUILLA 11/2X1""1/2"" 300W 240V""",220.0
391,2022-03-29,"TUB INOX 5/16""ØX45CM 750W 120V ""U"" T/TOR",64.91
392,2022-03-29,"TUB INOX 3/8""ØX120CM 2083W 220V ""U"" TORN",258.43
393,2022-03-29,"TERMOPAR CERAMICO T/K"" LONG 18"" CAL 8""",173.0
394,2022-03-29,"TUB INCOLOY 7/16""ØX305CM 2300W380V ESPEC",0.0
395,2022-03-30,TUB INOX 8MMØX3650MM 1134W 230V RECTA,391.24
396,2022-03-30,"TUB INOX 5/16""ØX120MM 1200W220V ""J"" PLAC",116.73
397,2022-03-30,"TERMOPAR K 3/16Ø X 1'  1/2 EXT. 1 MT""",48.49
398,2022-03-30,TERMOPAR J 3/16 Ø X 1' 1/2 EXT. 10 MT,410.21
399,2022-03-30,"TUB COBRE 5/16""Øx145CM  1500W120V PLAC",316.4
400,2022-03-30,"MAQUINADO DE PERNO 9/32""ØX20MM LATON",6.69
401,2022-03-31,REPARACION DE CREPERA-FAB CAJA DE CONEXI,24.0
402,2022-03-31,REPARACION DE CREPERA,258.21
403,2022-03-31,BOBINA CAL.8 DSD C/TERMINALES EN INOX,340.8
404,2022-03-31,"BOQUILLA 11/2X1""1/2"" 300W 240V""",220.0
405,2022-03-31,"TUB INOX. ALETA 7/16""Øx693mm 2000W 440 B",0.0
406,2022-03-31,"TUB INOX 5/16""Øx64CMS 700W220V.",0.0
407,2022-03-31,"TUB INOX 5/16""ØX25CM 1650W220V M ESP/BUS",244.91
408,2022-03-31,"CAS INOX 1/2""ØX3"" 400W 127V EXT.30CM",88.95
409,2022-03-31,"CAS INOX 1/2""ØX4"" 500W 127V EXT30CM",91.21
410,2022-03-31,"TUB. ENCAPSULADA 5/16Øx780mm 1500W 240V""",366.1
411,2022-03-31,"TUBULAR  U"" 1/2""Øx660mm 4500W440V 3pz""",736.48
412,2022-03-31,"TUB. ENCAPSULADA 5/16Øx780mm 1500W 240V""",356.75
413,2022-03-31,"TUBULAR  U"" 1/2""Øx660mm 4500W440V 3pz""",0.0
414,2022-03-31,TIRA INOX 38MMX1012MM 2000W 240V T/TIPOH,0.0
415,2022-03-31,"TUB INOX. 5/16""Øx330mm U 6KW 440V PLACA",0.0
416,2022-03-31,"TUB INOX 1/4""ØX355MM 4500W230V ES PLA-NV",0.0
417,2022-03-31,"TUB INOX 1/2""Øx68CM U 4000W 220V PLACA C",0.0
418,2022-03-31,"TUB INOX 3/8""Øx810mm LONG RECTA 500W220V",88.74
419,2022-03-31,GABINETE ELECTRICO DE 50X40X20 70KW 440V,0.0
420,2022-03-31,"TUB INOX 1/2""ØX147CM 35KW480V 2 1/2"" NPT",2935.26
421,2022-04-01,TERMOPAR J 3/16 Ø X 1' 1/2 EXT.  5 MT,137.48
422,2022-04-04,TERMOPAR J 3/16 Ø X 1' 1/2 EXT. 1 MT,42.79
423,2022-04-04,"BAN P INOX 10 1/4""X4 1/2"" 350W127V 1-IZQ",112.24
424,2022-04-04,"BAN P INOX 10 1/4""X4 1/2"" 350W 127V T-TO",111.07
425,2022-04-04,"BAN P INOX 10 1/4""X4 1/2"" 350W127V 3-DER",112.24
426,2022-04-04,"BAN P INOX 9 1/4""X4 1/4"" 350W127V 2/TOR",59.54
427,2022-04-04,"BAN P INOX 10""X 4 1/2"" 350W127V 1-IZQ",110.37
428,2022-04-04,"BAN P INOX 10""X4 1/2"" 350W127V 3-DER",110.37
429,2022-04-05,REPARACION PISTOLA DE CALOR 1680W 120V,90.16
430,2022-04-05,"TUB RECTA 1/2""ØX800MMLON 1000W 73V T/TOR",106.52
431,2022-04-05,"TUB RECTA 1/2øX800mm 950W 140V""",0.0
432,2022-04-05,"TUB INOX 1/4""Øx355MM 4500W230V ESP/PLAC",359.16
433,2022-04-05,"TUB Ø 7/16 X 71 CM LONG ""U"" 3600W440V",377.29
434,2022-04-05,"TUB INOX 7/16""ØX35CM 1500W127V ""M"" ESP",0.0
435,2022-04-05,"BC PLANA 6""LARx4 1/4""ANC 2000W 220V C/TJ",360.32
436,2022-04-06,REPARACION DE TERMOPAR,0.36
437,2022-04-06,"BOQUILLA 11/2X1""1/2"" 300W 240V""",220.0
438,2022-04-06,"PT-100 3/16""ØX11/2"" EXT3MTS TEFLON Z-PIN",0.0
439,2022-04-06,"BAN A COMUN 133MMØx11/2"" 900W 220V C/STD",0.0
440,2022-04-06,"TERMOPAR K 3/16Ø X 1'  1/2 EXT. 3 MT""",113.59
441,2022-04-07,"TUB INOX 5/16""x625mm 950W 220V U",0.0
442,2022-04-07,"TUB INOX. 5/16 Øx625mm 850W,220V U",0.0
443,2022-04-07,TERMOPAR J3/16 Ø X 1' 1/2 EXT.  1.5 MT,51.36
444,2022-04-07,"TUB INOX 1/4""ØX62"" 950W 230V",0.0
445,2022-04-07,BC INOX 144MMØ X87MM 2100W 400V SIN/CAJA,0.0
446,2022-04-07,"PT-100 3/16""ØX1"" EXT.1MT T/PLICA CLAV-3H",0.0
447,2022-04-07,CAE 12.5MMØx312.42MMLONG 90° 1200W 220V,0.0
448,2022-04-07,"TUB INOX 7/16""ØX26CM 1500W220V U 11/2""NP",0.0
449,2022-04-07,CAS INOX 10MMØX60MM 500W 240V EXT30CM,0.0
450,2022-04-08,"TUB INOX 7/16""ØX155CM 5KW 440V ""U"" 2""NPT",0.0
451,2022-04-08,"FAB DE TERMOPOZO 1/2""ØX768MMLOGITUD",0.0
452,2022-04-08,"TUBULAR U"" 5/16"" 203MM 1500W 127V""",321.87
453,2022-04-11,"TERMOPAR CERAMICO T/K"" LONG 12"" CAL 8""",144.4
454,2022-04-11,"TERMOPAR CERAMICO T/ K"" LONG 12"" CAL.14""",50.54
455,2022-04-11,"TUB COBRE7/16Øx590mm ""U"" 5000W 220V C/B""",0.0
456,2022-04-11,TER J 6mmØx30mm 7 MTS DE LONG.,204.07
457,2022-04-11,"TERMOPAR K 3/16Ø X 1'  1/2 EXT. 1 MT""",48.49
458,2022-04-11,"TUB INOX 7/16""ØX47CM 9000W220V PLAC",0.0
459,2022-04-11,"TUE ""J"" INOX Ø 5/16 X 33 CM 5000 W 240 V",248.65
460,2022-04-12,"TER J 1/4""ØX4"" CON 1/2""-1/2""NPT BLOCK-CA",0.0
461,2022-04-12,"TER J 1/4""ØX15CM CON 1/2""-1/2"" C/MARINA",0.0
462,2022-04-12,"TUB INOX 7/16""Øx80.5CMS U 12KW 240V TAPO",1125.85
463,2022-04-13,"TUB INOX 1/2""Øx410mm J 11KW 240V PLAQUIT",432.3
464,2022-04-13,"PT-100 1/4""ØX1/2"" EXT.5MT BOY-2G 3 HILOS",0.0
465,2022-04-13,"TUB INOX 5/16""ØX70CM 600W 127V RECTA",48.21
466,2022-04-13,TUB ALETADA Ø 1/2 X 13 1/2 2000 W 220 V,318.83
467,2022-04-13,"TUB INOX 5/16""ØX27CM 2100W230V ""L"" PLACA",133.09
468,2022-04-13,"TUB INOX 5/16""ØX248MM CLIP 2400W 220V",160.64
469,2022-04-13,"TER J 1/4""ØX5"" CON 1/2""-1/2""NPT C/MARINA",0.0
470,2022-04-13,"TUB INOX 5/16""ØX177MMØ 1900W220V PAR 9O°",0.0
471,2022-04-13,"TUB INOX 5/16""ØX177MMØ 1900W220V PARRILL",0.0
472,2022-04-13,"TUB INOX 1/4""ØX27"" 300W 230V",0.0
473,2022-04-18,REPARACION DE SECADOR 460W 120V,7.6
474,2022-04-19,REPARACION BANDA S/BLINDAJE 1068W 120V,107.68
475,2022-04-19,"TU ""U"" Ø 8 MM X 500 MM 3000 W 220V",0.0
476,2022-04-19,"TERMOPAR CERAMICO T/ K"" LONG 12"" CAL.14""",50.54
477,2022-04-19,"TUB INCOLOY 1/2""Øx412mm J 9KW 240V PLACA",493.68
478,2022-04-19,"RC 1/2""ØX40CM 650W127V T/TORNILLO",0.0
479,2022-04-20,"TUB INOX 1/2""ØX670MM 22.5W480V BRIDA 6""",4045.07
480,2022-04-20,"PT-100 5/16""ØX40CM CON1/2""NPT EXT10M PLI",1214.3
481,2022-04-21,TERMOPAR J3/16 Ø X 1' 1/2 EXT.  1.5 MT,0.0
482,2022-04-21,"TUB INOX 7/16""ØX307MMX50MM 800W220V BUSH",223.66
483,2022-04-21,BN INOX 46MMØX122MM 600W220V EXT30CM ALL,183.93
484,2022-04-21,"TUB INOX 5/16""ØX190MM 1250W127V TAP1""NPT",333.44
485,2022-04-21,"CAE INOX 3/4""ØX39CM 1800W240V 30CM CON1""",842.74
486,2022-04-21,"TEA K OJILLOX3MTS CON 1/2""-1/2""NPT",217.64
487,2022-04-21,BC PLANA 132MMX280MM 2000W240V OCTAGO-TJ,797.54
488,2022-04-21,"TUB ""U""7/16""ØX835mm EN BRIDA3""18KW440V.",1319.75
489,2022-04-21,TERMOPAR J 3/16 Ø X 1' 1/2 EXT. 1 MT,42.79
490,2022-04-22,CAM INOX 10MMØX50MM 250W 240V EXT30CM,67.31
491,2022-04-22,CAM INOX 10MMØX50MM 300W 240V EXT30CM,67.21
492,2022-04-22,TERMOPAR J 3/16 Ø X 1' 1/2 EXT. 2.5 MT,86.23
493,2022-04-22,"TERMOPAR K 3/16Ø X 1'  1/2 EXT. 1 MT""",48.49
494,2022-04-22,BAN M/LUNA 208MMØX257MM 1350W127V EXT30,0.0
495,2022-04-22,"TER J 1/4""Ø x3 1/2"" LONG EXT.1MT ZAP/ESP",0.0
496,2022-04-22,"TER J 1/4""Ø x3 1/2"" LONG EXT.1MT ZAP/ESP",0.0
497,2022-04-25,"TUB. INOX. 5/16 Øx615mm. 2000W 440V ""U""""",46.14
498,2022-04-25,"BOQUILLA 11/2X1""1/2"" 300W 240V""",220.0
499,2022-04-25,"TUB INOX 1/4""ØX90"" 1350W 230V",0.0
500,2022-04-25,"CAS INOX 1/4""ØX2 1/2"" 200W 127V EXT30CM",28.9
501,2022-04-25,"PT-100 3/16""ØX4"" CON1/2""-1/2"" NPT EXT5MT",671.48
502,2022-04-25,"TUB INOX ALETADA 1/2""Øx30CMS 1000W 480V",249.07
503,2022-04-25,"TUB INCOLOY 7/16""ØX305CM 2300W380V ESPEC",714.2
504,2022-04-26,"TUB INOX 5/16""ØX248MM CLIP 2400W 220V",160.64
505,2022-04-26,TERMOPAR J 3/16 Ø X 1' 1/2 EXT. 2 MT,72.37
506,2022-04-26,BOB 8020 CAL.22 2.8MMØX2.3MTS 1800W 240V,199.22
507,2022-04-26,"CAE INOX 3/4""ØX39CM 1800W240V 30CM CON1""",842.74
508,2022-04-26,"TUB INOX 5/16""ØX240MM 1000W 120V BUS5/8",143.09
509,2022-04-26,"TUB INOX 7/16""ØX150MM 600W120V M PLAQ",0.0
510,2022-04-26,"TUB INOX 1/4""ØX50CM 500W127V RECTA T/BAN",0.0
511,2022-04-26,TERMOPAR J3/16 Ø X 1' 1/2 EXT.  1.5 MT,51.36
512,2022-04-27,"TU ""U"" Ø 8 MM X 500 MM 3000 W 220V",517.64
513,2022-04-27,FAB RESISTENCIAS 11520W 480V EN BASE GAL,0.0
514,2022-04-27,"TUB INOX 1/2""ØX147CM 35KW480V 2 1/2"" NPT",2935.26
515,2022-04-27,"TERMOPAR K 3/16Ø  X 1'  1/2 EXT. 2 MT""",76.46
516,2022-04-27,"TUB INOX. 5/16""Øx320mm 750W, 120V. U",36.0
517,2022-04-27,"TUB INOX 5/16""ØX43CM1850W240V ""M ESP/TOR",67.21
518,2022-04-27,TIRA ALETADA 38MMX760MM 1960W230V T/TOR,509.98
519,2022-04-27,"TUB INOX 3/8""ØX395MM CIR/ALETA 8500W230V",694.6
520,2022-04-28,"TUB INOX 1/2""ØX246MM 3000W480V ""M"" BUSH",0.0
521,2022-04-28,"TUB INOX 7/16""ØX40.5CM 15KW240V PLA/ESP",0.0
522,2022-04-28,PT-100 6MMØX30MM EXT3MT BAY-2G RES/MALLA,0.0
523,2022-04-28,"P.CUARZO 19""LARGOx10"" ANCHO 5KW 480V",3624.09
524,2022-04-29,"TERMOPAR CERAMICO T/K"" LONG 12"" CAL 8""",144.4
525,2022-04-29,BAN P INOX 258MMX385MM 3000W220V EXT3MT,841.63
526,2022-04-29,"TUB INOX 3/8""ØX35CM 3200W240V J TAP11/2""",0.0
527,2022-04-29,"TERMOPAR CERAMICO T/K"" LONG 12"" CAL 8""",144.4
528,2022-04-29,"TERMOPAR CERAMICO T/ K"" LONG 12"" CAL.14""",50.54
529,2022-04-29,"CAE INOX 5/8""ØX73CM 2400W 240V RON/EXT1M",0.0
530,2022-04-29,"TUB INOX7 /16x115CMS CLIP15KW220V PLACA""",504.53
531,2022-04-29,"TUBULAR  ""U"" 5/16""Øx13.5"" 4500W480V 3pz",0.0
532,2022-04-29,"TUBULAR  U"" 1/2""Øx660mm 4500W440V 3pz""",852.37
533,2022-04-29,"TUB. ENCAPSULADA 5/16Øx780mm 1500W 240V""",335.51
534,2022-04-29,"TUBULAR  U"" 1/2""Øx660mm 4500W440V 3pz""",0.0
535,2022-04-29,"TUB INOX 1/2""ØX20""Ø 7000W240V ESPIRAL/BU",0.0
536,2022-05-02,"CAS INOX 3/8""ØX1 1/2"" 80W 127V EXT.30CM",0.0
537,2022-05-02,BB INOX 40MMØX80MM 400W 240V EXT.30CM,42.99
538,2022-05-03,"TER T 3/16""ØX1 1/2"" EXT 1M TEFON/MALLA",11.02
539,2022-05-03,"TERMOPAR K 3/16Ø  X 1'  1/2 EXT. 2 MT""",76.74
540,2022-05-03,"TERMOPAR CERAMICO T/K"" LONG 24"" CAL 8""",222.0
541,2022-05-03,BOBINA 8020 44MMX180MM 150W220V AIS/CERA,33.79
542,2022-05-04,ELEMENTO K CAL.8X131.6MM CERAM/BLOCK CER,112.64
543,2022-05-04,"TERMOPAR CERAMICO T/K"" LONG 12"" CAL 8""",144.4
544,2022-05-04,"TERMOPAR CERAMICO T/ K"" LONG 12"" CAL.14""",50.54
545,2022-05-04,"BAN P INOX 5 1/2""X4 1/2"" 600W220V ESPEC",72.34
546,2022-05-04,"TUB INOX 1/4""ØX90"" 1350W 230V",210.95
547,2022-05-04,"TUB U"" 7/16 Ø X50 CM 10 KW 440 V DELTA""",0.0
548,2022-05-04,"TUB INOX 7/16""ØX510MM ""U""8000W 440V TAP",1048.4
549,2022-05-04,TERMOPAR J 3/16 Ø X 1' 1/2 EXT. 1 MT,42.79
550,2022-05-05,"TUB INOX 7/16""Øx190mm 2000W 400V BUS/LAT",0.0
551,2022-05-05,BAN A/COMUN 165MMØX60MM 800W 254/440V,0.0
552,2022-05-05,"TERMOPAR K 3/16Ø  X 1'  1/2 EXT. 2 MT""",0.0
553,2022-05-05,"TUB INOX 3/8""ØX235MM 3300W 230V CLIP/PLA",0.0
554,2022-05-05,BAN P COMUN 45MMX390MM 1200W240V B/CERAM,97.53
555,2022-05-05,REPARACION TERMINALES BANDA 1500W 220V,10.7
556,2022-05-05,"TERMOPAR K 3/16Ø  X 1'  1/2 EXT. 2 MT""",0.0
557,2022-05-06,"RC 1/2""ØX38.5CM 600W 120V T/TORNILLO CER",0.0
558,2022-05-06,FABRICACION DE CRISOL 500W 127V 50-60HZ,2227.85
559,2022-05-06,"TUB INOX 1/2""ØX25CM 1500W 127V ""M"" C/BUS",305.31
560,2022-05-06,"TERMOPAR K 3/16Ø  X 1'  1/2 EXT. 2 MT""",90.91
561,2022-05-09,REPARACION PORTA MATRAZ 1035W 115V,42.35
562,2022-05-09,BOBINA 8020 44MMX180MM 150W220V AIS/CERA,33.79
563,2022-05-09,REPARACIÓN DE SELLADORA 30CM 146W 120V,3.8
564,2022-05-09,"TUB INOX 7/16""ØX268MM 4KW270V 4 CLIP/PLA",344.32
565,2022-05-09,"TEA J"" 3/16""Øx22MM EXT2MT BAY2GIR/ADAPT",131.87
566,2022-05-09,"RC 1/2""Ø X 34"" LONG 1000W 12OV TE/GANCHO",224.13
567,2022-05-09,"TUBULAR  J"" 5/16"" 230MM 4500W 220V""",200.3
568,2022-05-09,"FAB  DE TERMOPOZO 1/4""ØX22CM EN PLACA",0.0
569,2022-05-10,"TEA K 1/2""ØX18""X24"" ESCUADRA BLOCK/CMARI",773.91
570,2022-05-10,PT-100 6MMØX30MM EXT3MT BAY-2G RES/MALLA,477.85
571,2022-05-10,TEA J 6MMØX30MM EXT.2MT RESOR/BOY2G/CLAV,136.25
572,2022-05-11,TERMOPAR J3/16 Ø X 1' 1/2 EXT.  1.5 MT,62.82
573,2022-05-11,"CAS INOX 1/2""ØX2"" 400W 240V EXT.1MT",101.4
574,2022-05-11,"TUB INOX 1/2""ØX65.8CM 4500W260V M C/TJ",0.0
575,2022-05-11,"TEA K OJILLOX3MTS CON 1/2""-1/2""NPT",217.64
576,2022-05-11,"TERMOPAR CERAMICO T/K"" LONG 12"" CAL 8""",0.0
577,2022-05-11,TERMOPAR J3/16 Ø X 1' 1/2 EXT.  1.5 MT,62.82
578,2022-05-11,"TER J 3/16""ØX45MM LONG EXT.1MTLONG MALLA",0.0
579,2022-05-11,"TER K 3/16""ØX1"" EXT.7MTS MALLA  Z/ESPADA",0.0
580,2022-05-12,BC PLANA 132MMX280MM 2000W240V OCTAGO-TJ,797.54
581,2022-05-12,BB INOX 40MMØX51MM 300W 240V EXT.30CM,36.52
582,2022-05-12,"TUB INOX 1/4""Øx355MM 4500W230V ESP/PLAC",701.72
583,2022-05-12,"CAE 9.4MMØx2""LONG ESC90°150W 220V Ext22""",88.03
584,2022-05-12,REPARACION DE HORNO 7000W 220V,1368.31
585,2022-05-12,"TUB INOX 7/16""ØX30CM 300W127V RECTA/CERA",33.75
586,2022-05-13,BAN P A/COMUN 185MMX245MM 1200W440V T/TO,80.09
587,2022-05-13,"TUB INOX 5/16""ØX800MM 2000W127V ""J"" TBOY",227.18
588,2022-05-13,REPARACION EQUIPO COCINA 5000W 22OV,0.0
589,2022-05-13,"CAS INOX 5/8""ØX7"" 500W220V EXT.1MT MALLA",172.13
590,2022-05-13,"TER J OJILLO 3/16""Ø EXT1.5MTS MALLA/RESO",58.36
591,2022-05-17,"TIRA P INOX 8 7/8""ØX11/2"" 1950W240V ALET",0.0
592,2022-05-17,"TIRA P INOX 12 1/2""ØX11/2"" 3100W240V ALE",0.0
593,2022-05-17,"BOQUILLA 11/2X1""1/2"" 300W 240V""",253.0
594,2022-05-17,"TERMOPAR K DOBLE CAL8 x18 FUND INOX 316""",0.0
595,2022-05-17,"TERMOPAR K DOBLE CAL8 x18 FUND INOX 316""",0.0
596,2022-05-17,"TER EK DOBLE1/2Øx12""x24"" EN INOX-T316""",0.0
597,2022-05-17,"TER EK DOBLE1/2Øx12""x24"" EN INOX-T316""",1130.54
598,2022-05-18,"TUB INOX 1/2""Øx90CMS U 25KW 440V TAPON 2",2061.24
599,2022-05-18,REAPARACION DE HORNO 1800W 120V,518.74
600,2022-05-19,"TUB INOX 5/16""ØX15CMØ 1200W127V PARR/90°",60.64
601,2022-05-19,"TUB INCOLOY 1/2""Øx412mm J 9KW 240V PLACA",685.68
602,2022-05-19,"TUB INOX 1/4""ØX455MM 1560W127V M ES/PLAC",295.91
603,2022-05-19,"TER J OJILLO 3/16""Ø EXT 5MT MALLA ZAP",0.0
604,2022-05-19,"TER J OJILLO 3/16""Ø EXT 10MT MALLA ZAP",0.0
605,2022-05-19,PT-100 6MMØX110MM EXT15MTS TEFLON/ZAP,0.0
606,2022-05-20,"PT-100 DE Ø 3/16 X4"" DE LONG. 80 CM",0.0
607,2022-05-20,"TUB INOX 7/16""Øx500mm U 3000W 220V BU5/8",0.0
608,2022-05-20,"TUB INOX 5/16""ØX142MM ""J"" 1000W120V SAND",279.88
609,2022-05-20,"PT-100 3/16""ØX11/2"" EXT3MTS TEFLON Z-PIN",165.95
610,2022-05-23,TERMOPAR J 3/16 Ø X 1' 1/2 EXT. 1 MT,42.79
611,2022-05-23,REPARACION HORNO 1500W 120V,0.0
612,2022-05-23,"TUBULAR  U"" 1/2""Øx660mm 4500W440V 3pz""",806.14
613,2022-05-23,"TUB INOX 3/8""ØX186.5CM ""U"" 3000W220V CAP",0.0
614,2022-05-23,"TUB INOX 7/16""ØX498MM 3000W220V M ESP/PL",0.0
615,2022-05-24,CAS INOX 18.5MMØX205MM 950W 440V EXT30CM,0.0
616,2022-05-25,"TUB INOX 3/8""ØX775MM 850W 120V RECTA TOR",170.19
617,2022-05-25,"TER J 1/8""Øx115mm LONG EXT. DE 1220mm CL",181.72
618,2022-05-25,"BOQUILLA 11/2X1""1/2"" 300W 240V""",253.0
619,2022-05-26,CARTUCHO Ø 8 MM X340 MM 500W 220 V,0.0
620,2022-05-26,CARTUCHO Ø8MM X 260MM 500W 220V,0.0
621,2022-05-26,CARTUCHO Ø 10 MM X 460 MM 500W 220V,115.41
622,2022-05-26,FABRICACION TUB  J INOX 2000W 127V C/TE,168.7
623,2022-05-26,"CART INOX 1/2""Øx16CMS 700W 120V CABLE 50",117.49
624,2022-05-26,TERMOPAR J 3/16 Ø X 1' 1/2 EXT. 2 MT,77.57
625,2022-05-26,TERMOPAR J 3/16 Ø X 1' 1/2 EXT. 10 MT,0.0
626,2022-05-26,"TEA J 3/16""ØX12"" CONEC-5/16""ØX1"" EXT1MT",0.0
627,2022-05-27,"TERMOPAR CERAMICO T/K"" LONG 24"" CAL 8""",222.0
628,2022-05-27,"TUB INOX 5/16""ØX30CM 800W 240V U DOB90°",0.0
629,2022-05-27,"TUB INOX 5/16""ØX30CM 800W 240V U DOB90°",0.0
630,2022-05-27,TERMOPAR J 3/16 Ø X 1' 1/2 EXT. 3 MT,97.49
631,2022-05-27,"CAS INOX 5/8""ØX3 1/2"" 300W 127V EXT30CM",0.0
632,2022-05-30,"TUBULAR U"" 5/16"" 203MM 1500W 127V""",321.87
633,2022-05-31,BAN P INOX 80MMØX255MM 450W 220V T/TOR,0.0
634,2022-05-31,"CART INOX 1/2""Øx3"" 250W 230V CABLE STD",0.0
635,2022-05-31,"TUB ALET U 5/16""ØX470MM 1000W 440V BUS/L",287.63
636,2022-05-31,"BANDA MED. LUNA 22.1/2""x6"" 3kW 460V",0.0
637,2022-05-31,CAS 12MMØX312MM 300W110V ESCUAD EXT102CM,0.0
638,2022-05-31,"TUB INOX 5/16""ØX25CM 1000W127V 1""NPTCAJA",0.0
639,2022-05-31,"TUB INOX 5/16""ØX25CM 250OW127V 1""NPTCAJA",0.0
640,2022-05-31,"TUB INOX 5/16Øx1790mm 1300W 220V BUSHIG""",0.0
641,2022-05-31,"CARTUCHO 3/8"" X 8"" 250W, 240V. TUBO PLIC",0.0
642,2022-05-31,"CBE INOX 3/8""ØX8"" 250W 240V EXT42"" 37""PL",0.0
643,2022-05-31,"TER K 1/4""ØX3/4"" TORNILLO/LOCO EXT.80CM",0.0
644,2022-06-01,TERMOPAR J 3/16 Ø X 1' 1/2 EXT.  5 MT,171.87
645,2022-06-01,TUBULAR 11mmØx850mm 6kW 500V 6pz,0.0
646,2022-06-02,"TUB ALET U 5/16""ØX470MM 1000W 440V BUS/L",0.0
647,2022-06-02,CAS INOX 12MMØX230MM 950W440V EXT.30CM,0.0
648,2022-06-02,"TUB COBRE 5/16""Øx250mm CLIP 2600W 110VTA",407.85
649,2022-06-02,"AK DOBLE 3/16""ØX530MM PLACA-CER4POLOS",0.0
650,2022-06-02,"TUB INOX 5/16""ØX23CM 500W127V CLIP 11/4""",848.3
651,2022-06-02,"CBE INOX 1/2""ØX120MM 110W115V EX50CM CON",208.61
652,2022-06-02,TER J 4MMØX65MM EXT1M MALLA INOX TRAN6MM,0.0
653,2022-06-03,"TUBULAR  J"" 5/16"" 230MM 4500W 220V""",200.3
654,2022-06-03,TUB ESP 10MMØX1985MM 1000W 440V BUS/SOPO,266.04
655,2022-06-06,"TUB INOX 1/2""ØX75CM ""U"" 30KW440V BRIDA6""",3900.52
656,2022-06-06,BAN A/COMUN 165MMØX89MM 1200W440V C/STD,79.79
657,2022-06-06,BAN A/COMUN 258MMØX35MM 1000W440V T/TOR,83.72
658,2022-06-06,BAN P A/COMUN 185MMX245MM 1200W440V T/TO,80.09
659,2022-06-06,"BOQUILLA 11/2X1""1/2"" 300W 240V""",253.0
660,2022-06-07,REPARACION DE TERMINAL DE RESISTENCIA,55.83
661,2022-06-07,"BOQUILLA 11/2X1""1/2"" 300W 240V""",253.0
662,2022-06-07,,0.0
663,2022-06-08,"TUBULAR  J"" 5/16"" 230MM 4500W 220V""",200.3
664,2022-06-09,REPARACION DE P/SERIGRAFIA  1800W 110V,7.6
665,2022-06-09,"CAS INOX 5/8""ØX10"" 1200W 240V EXT1MT",206.22
666,2022-06-09,BOBINA CAL.8 DSD C/TERMINALES EN INOX,378.12
667,2022-06-09,"TUB INOX 7/16""ØX36CM 6000W 240V PLAC/CUE",602.39
668,2022-06-09,"CAS INOX 1/4""ØX2"" 175W240V EXT30CM C/TJ",68.34
669,2022-06-09,"TERMOPAR CERAMICO T/K"" LONG 12"" CAL 8""",135.69
670,2022-06-09,"TERMOPAR CERAMICO T/ K"" LONG 12"" CAL.14""",54.8
671,2022-06-09,TERMOPAR J 3/16 Ø X 1' 1/2 EXT. 3.5 MT,432.0
672,2022-06-10,REPARACION HORNO 15KW 440V TOTAL,0.0
673,2022-06-10,"TUB INOX 5/16""ØX15CM 537W 127V PARR/90°",0.0
674,2022-06-10,"TER J 1/4""ØX12"" CAB/MAR TERM-3/4""NPT",717.66
675,2022-06-10,"TUBULAR  J"" 5/16"" 230MM 4500W 220V""",200.3
676,,TERMOPAR J 3/16 Ø X 1' 1/2 EXT. 1 MT,42.79
677,2022-06-13,"TUB INOX 3/8""ØX35CM 3200W240V J TAP11/2""",562.77
678,2022-06-13,"TUB INOX 1/2""ØX65.8CM 4500W260V M C/TJ",0.0
679,2022-06-14,"TUB INOX716Øx1421mm LONG ""M"" 3000W/220V""",174.94
680,2022-06-14,"TUBULAR U"" 5/16"" 203MM 1500W 127V""",321.87
681,2022-06-14,BOB DSD CAL.12 17.7MMØX55CM  5.2 OHMS,89.98
682,2022-06-14,"TUB INOX 7/16""ØX50CM 18KW220V ""J"" ESP/PL",0.0
683,2022-06-15,"CAS INOX 1/4""ØX2"" 175W240V EXT30CM C/TJ",0.0
684,2022-06-15,"BOQUILLA 11/2X1""1/2"" 300W 240V""",253.0
685,2022-06-15,BOB 8020 CAL.26 5MMØX70CM 30W 127V GAZA,7.2
686,2022-06-16,BOB 8020 5.5MMØX750MM 1500W115V GAZ40,43.24
687,2022-06-16,CBS INOX 8MMØX265MM 500W 220V EXT.1MT,0.0
688,2022-06-16,"TERMOPAR CERAMICO T/K"" LONG 12"" CAL 8""",135.69
689,2022-06-16,"TUB. ENCAPSULADA 5/16Øx780mm 1500W 240V""",355.29
690,2022-06-16,TUBULAR 11mmØx450mm 4500W 480V 6pz,1465.29
691,2022-06-16,"TERMOPAR K 3/16Ø  X 1'  1/2 EXT. 2 MT""",92.33
692,2022-06-16,"TUB INOX 5/16""ØX32CM 1250W 127V ""M"" BUSH",227.74
693,2022-06-17,"CAS INOX 3/4""ØX12"" 4000W 260V EXT12"" FV",65.63
694,2022-06-17,"CAS INOX 3/4""ØX24"" 2700W 220V EXT.12"" FV",654.97
695,2022-06-17,"CAS INOX 3/4""ØX85MM 500W 240V EXT.12"" FV",23.77
696,2022-06-17,"CAS INOX 3/4""ØX260CM 2000W260V EXT.12""FV",67.69
697,2022-06-17,TERMOPAR J3/16 Ø X 1' 1/2 EXT.  1.5 MT,62.82
698,2022-06-17,TERMOPAR J 3/16 Ø X 1' 1/2 EXT. 2 MT,77.57
699,2022-06-17,"TU ""U"" Ø 8 MM X 500 MM 3000 W 220V",668.43
700,2022-06-17,"TER K 5/16""ØX10"" CON1/2""-1/2"" EXT10M C/M",0.0
701,2022-06-17,"TER K 3/16""ØX10CM 1/2""X22CM 1/2""NPT/MAR",0.0
702,2022-06-17,"TUB INOX 5/8""ØX83.5CM 1050W136V T/TORN",0.0
703,2022-06-17,"CAS INOX 3/8""ØX8 1/2"" 500W 110V EXT.40CM",0.0
704,2022-06-17,"TERMOPAR K 3/16Ø X 1'  1/2 EXT. 1 MT""",48.49
705,2022-06-20,"TERMOPAR CERAMICO T/ K"" LONG 12"" CAL.14""",54.8
706,2022-06-20,BAN A/COMUN 117MMØX100MM 1250W240V C/STD,0.0
707,2022-06-21,"TUB INOX 3/8""ØX102CM 2000W400V ""M"" BUSH",0.0
708,2022-06-21,"TUB INOX 3/8""ØX107CM 2000W400V ""M"" BUSH",0.0
709,2022-06-21,"TUB INOX 5/16""ØX15CM 537W 127V PARR/90°",48.03
710,2022-06-21,TERMOPAR J 3/16 Ø X 1' 1/2 EXT. 6 MT,205.2
711,2022-06-21,"TERMOPAR CERAMICO T/K"" LONG 12"" CAL 8""",135.69
712,2022-06-21,"TERMOPAR CERAMICO T/ K"" LONG 12"" CAL.14""",54.8
713,2022-06-21,TERMOPAR J 3/16 Ø X 1' 1/2 EXT. 2 MT,77.57
714,2022-06-22,CAM INOX 10MMØX10CM 300W 127V EXT.30CM,0.0
715,2022-06-22,"TUB INOX 7/16""ØX335MM 1800W 440V ""M"" BUS",0.0
716,2022-06-22,"TERMOPAR K 3/16Ø  X 1'  1/2 EXT. 2 MT""",92.24
717,2022-06-22,BAN P COMUN 218MMX85MM 800W440V 2BA T/TO,42.65
718,2022-06-22,BAN P COMUN 219MMX275MM 1800W440V 4B/TOR,155.39
719,2022-06-22,BAN P A/COMUN 185MMX245MM 1200W440V T/TO,80.09
720,2022-06-22,"TUB INOX 3/8""ØX175MM 350W220V ""U"" BUSH",177.85
721,2022-06-22,"TUB INOX 5/16""ØX203MM 1500W 240V U TAP1""",331.33
722,2022-06-23,PRE-SEPARADOR CINTA 7.8 OHMSX 3MT LONG,0.0
723,2022-06-23,BOB 8020 CAL.17 19MMØX355MM LON 21KW240V,0.0
724,2022-06-23,FAB BOB 8020 CAL.17 7000W 240V M/BAST,0.0
725,2022-06-23,"CAS INOX 1/4""ØX2"" 175W240V EXT30CM C/TJ",111.07
726,2022-06-24,"TUB INOX 5/8""ØX485MM 750W 254V RECTA/ALE",236.06
727,2022-06-24,"CAS INOX 1/4""ØX2 1/2"" 125W 127V EXT30CM",32.24
728,2022-06-24,TEA K ELEMENTO 12CMX EXT.40CM CERAMICO,87.04
729,2022-06-24,"TUB INOX 7/16""ØX510MM ""U""8000W 440V TAP",1072.93
730,2022-06-24,"PT-100 2MMX1"" DESNUDO EXT.113CM SOGUILLA",144.19
731,2022-06-24,"CAE 9.4MMØx2""LONG ESC90°150W 220V Ext22""",0.0
732,2022-06-27,"TER T 3/16""ØX47MM EXT 3MT CON/SOG/CLAV",0.0
733,2022-06-27,"TER T 3/16""ØX82MM EXT 3MT CON/SOG/CLAV",0.0
734,2022-06-27,AK 1MMØX15CM EXT1MT MALLA CLA/MACHO,76.68
735,2022-06-27,"TUB INOX 5/16""ØX800MM 2000W127V ""J"" TBOY",227.18
736,2022-06-28,"PT-100 1/4""ØX15CM CON1/2""-1/2""NPT EXT30C",521.59
737,2022-06-28,"BAN INOX 4""ØX4"" 500W230V T/TOR C/ALLEN",174.16
738,2022-06-28,BAN INOX 41MMØX203MM 1000W220V C/STD,91.63
739,2022-06-28,"CAS INOX 3/8""ØX1 1/2"" 80W 127V EXT.30CM",0.0
740,2022-06-28,"TER J 3/16""x6"" LONG EXT 1.5 MTS PLICA",0.0
741,2022-06-28,"TUB ""U""7/16""ØX835mm EN BRIDA3""18KW440V.",0.0
742,2022-06-28,"TUB INOX. 7/16""Øx700mm U 10KW 440V U TAP",0.0
743,2022-06-29,TERMOPAR J 3/16 Ø X 1' 1/2 EXT. 3 MT,97.49
744,2022-06-29,BAN P COMUN 45MMX390MM 1200W240V B/CERAM,97.53
745,2022-06-29,REPARACION TERMINALES BANDA 1500W 220V,10.7
746,2022-06-29,BOBINA DSD CAL.17 12mmØx410mm 4000W 254V,18.14
747,2022-06-29,BOBINA BASTIDOR 12mmØx410mm 12kW440V 3pz,0.0
748,2022-06-30,"TUB INOX. 5/16""Øx625mm 1200W, 220V. U",0.0
749,2022-06-30,"TUB INOX 5/16""x625mm 950W 220V U",100.68
750,2022-06-30,"TUB INOX. 5/16 Øx625mm 850W,220V U",0.0
751,2022-06-30,P.CUARZO 10CMX20CM 1600W440V EXT30CM TK,0.0
752,2022-06-30,P.CUARZO 10CMX50CM 4000W440V EXT30CM TK,0.0
753,2022-06-30,"TUB INOX 1/4""ØX40CM 6000W230V ""U"" PLACA",473.55
754,2022-06-30,"TER T 3/16""ØX11/2"" EXT.3MT PUNTA OJILLO",0.0
755,2022-06-30,"PT-100 3/8""ØX35MM EXT.1.5MT CON-1/2""NPT",0.0
756,2022-06-30,"TUB INOX 7/16""ØX42CM 2000W 240V ""M"" BUSH",0.0
757,2022-06-30,"TUB INOX 7/16""ØX690MM 1000W 127V ""U"" BUS",0.0
758,2022-06-30,"TUB INOX 1/4""Øx297mm 1750W 220V ESP BUSH",0.0
759,2022-06-30,"TERMOPAR CERAMICO T/ K"" LONG 12"" CAL.14""",54.8
760,2022-06-30,"TERMOPAR CERAMICO T/K"" LONG 12"" CAL 8""",141.3
761,2022-06-30,"TUB INOX 5/16""ØX325MM 1700W 240V ""M"" BUS",0.0
762,2022-06-30,"TUBU"" 5/16""Øx280mm 600W 127V C/PLACA""",123.23
763,2022-07-04,"TUBULAR  U"" 1/2""Øx660mm 4500W440V 3pz""",773.12
764,2022-07-04,"TEA K"" 18mmØx540mm CABEZA MARINA""",665.36
765,2022-07-04,BAN INOX 130MMØX60MM 800W 220V/380V,276.18
766,2022-07-04,"TUB INOX 7/16""ØX510MM ""U""8000W 440V TAP",925.21
767,2022-07-04,BAN M/LUNA INOX 205mmx143mm. 1200W 120V,136.58
768,2022-07-04,"TER J 3/16""ØX4"" EXT.2MT MALLA/RES/ZAP",0.0
769,2022-07-05,"TUBULAR  ""U"" 5/16""Øx13.5"" 4500W480V 3pz",405.35
770,,"TERMOPAR CERAMICO T/K"" LONG 24"" CAL 8""",260.2
771,2022-07-06,"TUB INOX 7/16""ØX42CM 2000W 240V ""M"" BUSH",345.97
772,2022-07-06,BAN M/LUNA 100MMØX41MM 200W240V C/STD,0.0
773,2022-07-06,BAN M/LUNA 270MMX42MM 900W 240V C/STD,65.25
774,2022-07-06,BAN P COMUN 62MMX140MMX200M 900W240V ORI,64.34
775,2022-07-06,BAN P COMUN 62MMX140MMX200M 900W240V STD,64.34
776,2022-07-06,TERMOPAR J 3/16 Ø X 1' 1/2 EXT. 7 MT,210.24
777,2022-07-06,TERMOPAR J 3/16 Ø X1'  1/2 EXT.  8 MT,265.64
778,2022-07-06,TERMOPAR J 3/16 Ø X 1' 1/2 EXT. 6 MT,205.2
779,2022-07-06,BP S/BLINDAJE 160MMX160MM 900W127V EXT3O,0.0
780,2022-07-07,ABRAZADERA INOX PARA AJUSTE 2 pz c/u,15.03
781,2022-07-07,"TEA J"" 3/16""Øx22MM EXT2MT BAY2GIR/ADAPT",133.05
782,2022-07-07,"TEA J"" 3/16""Øx22MM EXT2MT BAY2GIR/ADAPT",133.05
783,2022-07-07,"TERMOPAR K DOBLE CAL8 x18 FUND INOX 316""",1357.1
784,2022-07-07,"TER EK DOBLE1/2Øx12""x24"" EN INOX-T316""",1130.54
785,2022-07-07,"TUB ALET U 5/16""ØX470MM 1000W 440V BUS/L",295.59
786,2022-07-07,"FAB TERMOPOZO 6MMØX85MM CON 1/2""NPT",0.0
787,2022-07-08,"TER J OJILLO 1/4""Ø EXT 5MT MALLA/RES/ZAP",42.63
788,2022-07-08,"PT-100 3/16""ØX1 1/2"" EXT.7MT TEFLON 2HIL",0.0
789,2022-07-08,"TERMOPAR CERAMICO T/ K"" LONG 12"" CAL.14""",54.8
790,2022-07-11,"TER J OJILLO 3/16""Ø EXT 5MT MALLA ZAP",206.11
791,2022-07-11,"TER J OJILLO 3/16""Ø EXT 10MT MALLA ZAP",0.0
792,2022-07-11,PT-100 6MMØX110MM CONECTOR EXT15MTS,0.0
793,2022-07-11,BS/BLINDAJE 168MMXLADO 700W127V F/OCTAGO,0.0
794,2022-07-12,BAN A/COMUN 345MMØX71MM 2000W 440V STD,172.53
795,2022-07-12,BAN P COMUN 30MMX114CM 1500W110V T/TORNI,0.0
796,2022-07-12,"PT-100 3/16""ØX11/2"" EXT3MTS TEFLON Z-PIN",161.73
797,2022-07-12,"TUB INOX ALETA 5/16""ØX600MM U 2KW254V BU",0.0
798,2022-07-12,"TUB INOX 7/16""ØX42CM 2000W 240V ""M"" BUSH",345.97
799,2022-07-12,CAS INOX 12.5MMØX125MM 300W 280V EXT1MT,
800,2022-07-12,CAS INOX 12.5MMØX165MM 300W 280V EXT.1MT,
801,2022-07-12,CAS INOX 12.5MMØX265MM 400W 280V EXT.1MT,
802,2022-07-12,CAS INOX 12.5MMØX85MM 150W 280V EXT.1MT,
803,2022-07-13,"TERMOPAR CERAMICO T/K"" LONG 12"" CAL 8""",144.4
804,2022-07-13,"PT-100 1/4""ØX215MM EXT1.5MT CON7/16""FINO",0.0
805,2022-07-13,"TUB INOX 3/8""ØX210MM 1500W 240V CIRC/90°",165.65
806,2022-07-13,BAN P INOX 80MMX250MM 400W 220V T/TOR,110.15
807,2022-07-15,TERMOPAR J 3/16 Ø X 1' 1/2 EXT.  5 MT,171.87
808,2022-07-15,"TUB INOX 1/2""ØX147CM 35KW480V 2 1/2"" NPT",0.0
809,2022-07-15,"TER J 1/8""ØX120MM EXT2MT MALLA/TRAN5/16""",156.34
810,2022-07-15,TERMOPAR J 3/16 Ø X 1' 1/2 EXT. 1 MT,42.79
811,2022-07-15,"CBS INOX 1/2""ØX8"" 350W 110V ESC EXT30CM",150.16
812,2022-07-18,"PT-1000 1/4""ØX2"" EXT. 1MT DE PVC 2 HILOS",0.0
813,2022-07-18,"AEROPACK J 1/8""ØX88MM EXT3MT CON1/8""NPT",0.0
814,2022-07-18,"TUB INOX 5/6""ØX30CM 1800W220V ""J"" ESP/CO",0.0
815,2022-07-18,"ELEM K CAL. 8 x12"" C/FUNDA CERAMICA",1389.6
816,2022-07-18,"PT-100 3/16""Øx3 1/2"" LONG EXT3MTS,3HILOS",257.6
817,2022-07-18,"TUB INOX 5/16""x2580mm M 1800W 220V BUSHI",0.0
818,2022-07-18,"TERMOPAR CERAMICO T/ K"" LONG 12"" CAL.14""",54.8
819,2022-07-19,REAPARACION PLANCHA SERIGRAFIA 1.8KW120V,1195.0
820,2022-07-20,TERMOPAR J 3/16 Ø X 1' 1/2 EXT. 3 MT,97.49
821,2022-07-20,TERMOPAR J 3/16 Ø X 1' 1/2 EXT.  5 MT,171.87
822,2022-07-20,"TUB INOX 5/16""ØX215MM 1500W 240V U 1""NPT",0.0
823,2022-07-21,"TUB INOX 1/2""Øx68CM U 4000W 220V PLACA C",1306.63
824,2022-07-21,CARTUCHO Ø 8 MM X340 MM 500W 220 V,155.25
825,2022-07-21,CARTUCHO Ø 8MM X 520 MM 500 W 220 V,0.0
826,2022-07-21,CBE INOX 10MMØX460MM 300W 48V EXT30CM,0.0
827,2022-07-21,CART INOX 11.43mmØx450mm 300W 48V CABLE,122.18
828,2022-07-21,REPARACION CARTUCHO 27MMØX2150MM 2KW440V,0.0
829,2022-07-21,REPARACION CARTUCHO 27MMØX1800MM 2KW440V,0.0
830,2022-07-21,REPARACION CARTUCHO 27MMØX1697MM 2KW440V,0.0
831,2022-07-21,"TUB COBRE 7/16""Øx415MM 18KW 500V ""J"" 3PZ",585.92
832,2022-07-21,BOBINA CAL.8 DSD C/TERMINALES EN INOX,429.81
833,2022-07-21,"TEA K 1/2""Øx1800mm CON1/2-1/2 C/MARINA",788.54
834,2022-07-21,PT-100 4mmx100mm EXT 2 MTS DOBLEZ A 45°,244.91
835,2022-07-21,"CAS INOX 3/8""ØX5 1/2"" 250W240V EX1.5M PL",0.0
836,2022-07-21,"TUB INOX 5/16""ØX205MM 1500W240V ESPIR/BU",0.0
837,2022-07-21,P.CUARZO 98MMX340MM 1600W110V EXT11CM TK,790.28
838,2022-07-21,P.CUARZO 98MMX340MM 1600W110V EXT. 11CM,753.71
839,2022-07-21,P.CUARZO 10CMX25.5CM 1000W240V EX40CM TK,703.11
840,2022-07-22,TERMOPAR J3/16 Ø X 1' 1/2 EXT.  1.5 MT,0.0
841,2022-07-22,"TUB INOX ALETADA 7/16""ØX26CM 950W277V U",0.0
842,2022-07-22,"TUB INOX 1/2""ØX670MM 22.5W480V BRIDA 6""",5169.85
843,2022-07-22,"TUB INOX 7/16""ØX490MM U ESP 3200W 220V",0.0
844,2022-07-22,"BAN P INOX 5 1/2""X5 1/2"" 660W220V EX30CM",89.76
845,2022-07-22,"BAN P INOX 5 1/2""X4 1/2"" 600W220V ESPEC",72.34
846,2022-07-22,"BAN P INOX 5 1/2""X5 1/2"" 660W220V EX30CM",0.0
847,2022-07-22,"BAN P INOX 5 1/2""X4 1/2"" 600W220V ESPEC",0.0
848,2022-07-22,"TER J 3/16""ØX1"" EXT7MT MALLA Z/INOX",0.0
849,2022-07-25,"BOQUILLA 2X2""  350W 240V""",220.0
850,2022-07-26,"TUB INOX 1/2""X66CM 4500W 480V 2 1/2"" 3PZ",0.0
851,2022-07-26,REPARACION DE BATIDOR 16.6KW 440V,0.0
852,2022-07-26,"TUB INOX 5/16""ØX190MM 1250W127V TAP1""NPT",333.0
853,2022-07-26,"PT-100 3/16""Øx3 1/2"" LONG EXT3MTS,3HILOS",257.6
854,2022-07-27,"TUB COBRE 7/16""Øx415MM 18KW 500V ""J"" 3PZ",1225.86
855,2022-07-27,"TERMOPAR K 3/16Ø  X 1'  1/2 EXT. 2 MT""",92.33
856,2022-07-28,"PT-100 3/8""ØX4"" EXT.1.5MT CON-1/4""NPT",0.0
857,2022-07-28,"TER J 4MMØX4"" EXT 5MT F/MALLA/RES/ZAP ES",0.0
858,2022-07-28,"TER K 4MMØX4"" EXT 5MT F/MALLA/RES/ZAP ES",0.0
859,2022-07-28,"TUB INOX 3/8""ØX35CM 3200W240V J TAP11/2""",567.27
860,2022-07-29,BAN MICA Ø120MM X 50 MM 700W 440V T TOR,0.0
861,2022-07-29,RESISTENCIA 10CMX10CM 1060W120V B/CERAMI,0.0
862,2022-07-29,"TUB INOX 5/16""ØX150MMX221MM 1000W127V BU",0.0
863,2022-07-29,BAN M/LUNA 165MMØX178MM 2000W 440V T/TOR,55.23
864,2022-07-29,BAN P COMUN 10CMX15CM 500W440V T/TOR4ORI,36.8
865,2022-07-29,BAN P A/COMUN 185MMX245MM 1200W440V T/TO,80.09
866,2022-07-29,FABRICACIÓN ESPECIAL 1300W 115V,0.0
867,2022-07-29,"TERMOPOZO 3/8""ØX10CM CONEC 1/2""-1/2""NPT",179.31
868,2022-07-29,"PT-100 1/4""ØX3 1/2"" CON 1/2""-1/2""NPT C/M",0.0
869,2022-07-29,"CAS INOX 3/4""ØX12"" 4000W 260V EXT12"" FV",0.0
870,2022-07-29,"CAS INOX 3/4""ØX24"" 2700W 220V EXT.12"" FV",0.0
871,2022-07-29,"CAS INOX 3/4""ØX85MM 500W 240V EXT.12"" FV",0.0
872,2022-07-29,"CAS INOX 3/4""ØX260CM 2000W260V EXT.12""FV",0.0
873,2022-07-29,CARTUCHO Ø 8 MM X 500 MM 500 W 220 V,0.0
874,2022-07-29,CARTUCHO Ø 8 MM X340 MM 500W 220 V,122.67
875,2022-07-29,"TUBULAR ""U"" 11mmØx510mm 3kW 289/500W 3pz",0.0
876,2022-07-29,"TUB INOX 7/16""ØX595MM 5000W 220V ""U"" BUS",0.0
877,2022-08-01,"TERMOPAR CERAMICO T/K"" LONG 12"" CAL 8""",144.4
878,2022-08-01,"TERMOPAR CERAMICO T/ K"" LONG 12"" CAL.14""",54.8
879,2022-08-02,"TUB INOX 5/16""ØX132CM 1500W 127V ESP-BUS",0.0
880,2022-08-03,PISTOLA DE AIRE 3500W 220V,82.15
881,2022-08-03,"TUB INOX 5/16""Øx40CMS U 2000W 220V TAPON",335.77
882,2022-08-04,TERMOPAR J 3/16 Ø X 1' 1/2 EXT. 2 MT,74.45
883,2022-08-08,TERMOPAR J 3/16 Ø X 1' 1/2 EXT. 1 MT,42.79
884,2022-08-08,TERMOPAR J 3/16 Ø X 1' 1/2 EXT. 2 MT,72.37
885,2022-08-08,TERMOPAR J 3/16 Ø X 1' 1/2 EXT. 3 MT,97.49
886,2022-08-08,"TERMOPAR CERAMICO T/K"" LONG 12"" CAL 8""",144.2
887,2022-08-08,"TUBULAR  ""U"" 5/16""Øx13.5"" 4500W480V 3pz",396.78
888,2022-08-08,"TUB. ENCAPSULADA 5/16Øx780mm 1500W 240V""",291.48
889,2022-08-08,"TUBULAR  ""U"" 5/16""Øx13.5"" 4500W480V 3pz",0.0
890,2022-08-08,"TUB. ENCAPSULADA 5/16Øx780mm 1500W 240V""",290.21
891,2022-08-08,"TUBULAR  U"" 1/2""Øx660mm 4500W440V 3pz""",844.23
892,2022-08-08,TERMOPAR J3/16 Ø X 1' 1/2 EXT.  1.5 MT,62.82
893,2022-08-09,"TER J 3/16""ØX45CM EXT5MT RES/CLAV/MACH",0.0
894,2022-08-09,"TUB INOX 1/4""ØX110CM 1100W120V RECTA PLA",0.0
895,2022-08-10,"TUB Ø 7/16 X 71 CM LONG ""U"" 3600W440V",338.22
896,2022-08-10,"TUB INOX 5/16""ØX24CM 750W220V J TAPBOY",0.0
897,2022-08-10,PISTOLA DE AIRE 3500W 220V,82.15
898,2022-08-10,"TER EK DOBLE1/2Øx12""x24"" EN INOX-T316""",1135.53
899,2022-08-10,"TERMOPAR K DOBLE CAL8 x18 FUND INOX 316""",1261.99
900,2022-08-10,CALTA 8MM Ø X 240 MM 500 W 220 V RECTO,91.5
901,2022-08-10,"TER J ESCUADRA 3/16""ØX25CMX5CM EXT 1.5MT",0.0
902,2022-08-10,"TUB INOX 1/2""ØX500MM 10KW 220V 2 1/2""NPT",0.0
903,2022-08-10,"TUB INOX 7/16""ØX58CM 4200W 480V ""U"" PLAC",0.0
904,2022-08-10,"TUB INOX 5/8""ØX485MM 750W 254V RECTA/ALE",0.0
905,2022-08-11,BAN INOX 40MMØX170MM 700W 240V T/TOR,0.0
906,2022-08-11,"TUB INOX 7/16""ØX650MM 7600W 220V 2""NPT",0.0
907,2022-08-11,BOBINA CAL.8 DSD C/TERMINALES EN INOX,430.03
908,2022-08-11,REAPARACION DE HORNO 1500W 127V,73.01
909,2022-08-11,"TERMOPAR CERAMICO T/ K"" LONG 18"" CAL.14""",72.97
910,2022-08-11,TERMOPAR J 3/16 Ø X 1' 1/2 EXT. 2 MT,72.37
911,2022-08-12,"CAE 9.4MMØX2.372"" 150W120V ESC90° EXT22""",0.0
912,2022-08-12,TJ 4MMØX30MM EXT.70.66CM MALLA INOX/ZAP,32.38
913,2022-08-12,"TER J 6MMØX2""  EXT.50CM F/SILICON Z/PIN",31.14
914,2022-08-12,"TU Ø 3/8X 1155 MM ""J"" 1500W 440 V",572.12
915,2022-08-12,"TU Ø3/8 X 1155 MM ""J"" 1500W 440V TERMOST",917.05
916,2022-08-15,"TUB INOX 1/4""Øx355MM 4500W230V ESP/PLAC",469.69
917,2022-08-15,"TUB INOX 3/8""ØX95MM 900W115V CUADRADA",86.15
918,2022-08-15,CAS 6.5MMØX40MM 200W 127V EXT.3MT C/TJ,210.34
919,2022-08-15,"TEA K 1/2""ØX254MMLON 1/2""-1/2""NPT CAB/MA",438.86
920,2022-08-15,"TER K CAL. 8 x10"" C/FUNDA CERAMICA 17MM",0.0
921,2022-08-16,"AK 1/8""ØX15"" CONEC3/8""NPTX5/16"" CLAV MAC",0.0
922,2022-08-16,"TUB INOX ALETADA 7/16""ØX26CM 950W277V U",264.47
923,2022-08-16,TIRA P INOX. 300mmx38mm 500W 220V TORNIL,345.81
924,2022-08-16,"TUB INOX 5/16""ØX352MMX215MM 900W127V TOR",0.0
925,2022-08-17,TERMOPAR J3/16 Ø X 1' 1/2 EXT.  1.5 MT,62.95
926,2022-08-17,TERMOPAR J 3/16 Ø X 1' 1/2 EXT. 1 MT,48.2
927,2022-08-17,BOB 8020 CAL.22 2.8MMØX2MT GAZA 50MM 127,0.0
928,2022-08-17,BOB 8020 CAL.22 2.8MMØX3MT GAZA 50MM 127,0.0
929,2022-08-17,"BANDA MED. LUNA 22.1/2""x6"" 3kW 460V",457.78
930,2022-08-17,"TUB INOX 1/4""ØX150CM 900W 230V 27DOBLEZ",249.45
931,2022-08-18,"TUB INOX 1/2""ØX670MM 22.5W480V BRIDA 6""",2754.67
932,2022-08-18,TERMOPAR J 3/16 Ø X 1' 1/2 EXT. 7 MT,210.24
933,2022-08-18,BAN MICA INOX 33mmØx26mm 100W 230V CAJA,0.0
934,2022-08-19,BOB 8020 4MMØX600MM 1000W 127V T/OJILLO,10.82
935,2022-08-19,"TUB INOX 5/16""ØX700MM 780W 220V ""M"" ESPE",43.81
936,2022-08-19,"TUB INOX 5/16""ØX795MM 780W 120V T/TORNI",48.94
937,2022-08-19,TERMOPAR J 3/16 Ø X 1' 1/2 EXT. 2 MT,78.65
938,2022-08-19,"TUB INOX 5/16""Øx132MM 1000W 230V ESP/CAB",227.62
939,2022-08-19,TER J 6MMØX21MM EXT.1.5MTS MALLA/RESORTE,0.0
940,2022-08-19,TERMOPAR J 3/16 Ø X 1' 1/2 EXT. 1 MT,48.2
941,2022-08-19,TERMOPAR J3/16 Ø X 1' 1/2 EXT.  1.5 MT,62.95
942,2022-08-22,"TUB INOX 5/16""ØX296MM 1300W 110V ""M"" ESP",6587.67
943,2022-08-22,"TUB INOX 1/2""ØX345MM 500W240V U BUSH-M18",348.7
944,2022-08-22,"TUB INOX 1/2""ØX246MM 3000W480V ""M"" BUSH",242.78
945,2022-08-22,"TER J 6MMØX2""  EXT.50CM F/SILICON Z/PIN",0.0
946,2022-08-23,PT-100 FORMA ESPECIAL EXT. DE 1.5 MTS,185.95
947,2022-08-23,"TUB INOX 7/16""Øx190mm 2000W 400V BUS/LAT",457.71
948,2022-08-23,BN INOX 111MMØX85MM 1000W127V CIERRE STD,0.0
949,2022-08-23,ABRAZADERA INOX PARA AJUSTE 2 pz c/u,4.8
950,2022-08-23,"TUB RECTA 1/2øX800mm 950W 140V""",135.18
951,2022-08-23,"TUB RECTA 1/2""ØX800MMLON 1000W 73V T/TOR",136.6
952,2022-08-23,TERMOPAR J 3/16 Ø X 1' 1/2 EXT. 7 MT,210.24
953,2022-08-23,"TERMOPAR CERAMICO T/K"" LONG 24"" CAL 8""",260.2
954,2022-08-23,"CART INOX 3/4""x24"" LONG 1500W 220V",216.17
955,2022-08-23,TERMOPAR J 3/16 Ø X 1' 1/2 EXT. 3 MT,97.49
956,2022-08-24,"TERMOPAR CERAMICO T/K"" LONG 18"" CAL 8""",173.0
957,2022-08-24,"TUB ""J"" Ø 8 MM X 240 CM 5500 W 220 V",0.0
958,2022-08-24,BAN INOX 192MMØX150MM 3500W 440V C/ALLEN,0.0
959,2022-08-25,REPACION A SELLADORA DE BANDA CONTINUA,0.0
960,2022-08-25,RESIST TIPO BOBINA CAL. 6 DSD 30 KW 440V,2613.6
961,2022-08-26,PISTOLA DE AIRE 3500W 220V,0.0
962,2022-08-26,BC INOX 245MMØX346MM 6KW 480V EXT3MTS,0.0
963,2022-08-26,"TIRA INOX 38MMX60CM 1000W220V T/TIPO ""C""",223.04
964,2022-08-26,"TUB INOX 5/16""ØX76CM 1200W 230V ESP",0.0
965,2022-08-29,"TUB INOX 7/16""ØX510MM ""U""8000W 440V TAP",0.0
966,2022-08-29,"TERMOPOZO COBRE 3/8""x126mm 1/2""A1/2"" NPT",0.0
967,2022-08-29,FAB BOB 100MMX200MM 4500W480W AHOGA/ALUC,0.0
968,2022-08-29,FAB BOB 100MMX500MM 7500W480W AHOGA/ALUC,0.0
969,2022-08-29,"CBE 5/8""ØX1.75MTLON 1500W440V T/PLICA",0.0
970,2022-08-29,"BOQUILLA 11/2X1""1/2"" 300W 240V""",253.0
971,2022-08-30,"ELEM K CAL. 8 x12"" C/FUNDA CERAMICA",0.0
972,2022-08-31,"TUB INOX 1/4""ØX155MM 930W127V ESP-7DOBLE",0.0
973,2022-08-31,"TUB INOX 3/8""Øx4040mm ESP 4000W 254V",0.0
974,2022-08-31,"CBS INOX 5/8""ØX152MM 400W 220V EXT.35CM",0.0
975,2022-08-31,"CAS INOX 5/8""ØX5 1/2"" 1050W 240V ESC90°",0.0
976,2022-08-31,"TUB. ENCAPSULADA 5/16Øx780mm 1500W 240V""",314.44
977,2022-08-31,PT-100 6MMØX6CM EXT 4MT TEFLON 4HILOS,363.31
978,2022-08-31,"TERMOPAR K 3/16Ø  X 1'  1/2 EXT. 2 MT""",92.32
979,2022-08-31,"TUB INOX7 /16x115CMS CLIP15KW220V PLACA""",741.05
980,2022-08-31,"TER J 1/4""ØX6"" EXT3MT CONEC/DESLIZ 1/4""Ø",0.0
981,2022-08-31,"TUB INOX 5/16""ØX25CM 3000W240V ""U""T/PUMA",470.05
982,2022-08-31,"TUB INOX 5/16""ØX315MM 3KW240V 3 ELIPSES",0.0
983,2022-08-31,TER K  PUNTA PINX60CM MALLA INOX ZAP/PIN,39.22
984,2022-09-02,TERMOPAR J 3/16 Ø X 1' 1/2 EXT. 2.5 MT,84.41
985,2022-09-02,"TERMOPAR CERAMICO T/K"" LONG 24"" CAL 8""",260.2
986,2022-09-02,"TUB INOX 1/2""Øx650mm U 12KW 220V TAPON",1216.54
987,2022-09-02,TERMOPAR J 3/16 Ø X 1' 1/2 EXT. 2 MT,78.65
988,2022-09-02,"RC 5/8""ØX75CM 4200W 480V CLAVIJA T/PLANC",0.0
989,2022-09-05,"TERMOPAR CERAMICO T/K"" LONG 24"" CAL 8""",260.2
990,2022-09-05,"CAS INOX 3/4""ØX16"" 750W 240V EXT.30CM",0.0
991,2022-09-05,"CAS INOX 3/4""ØX16"" 1000W 240V EXT.30CM",0.0
992,2022-09-05,"TUBULAR  J"" 5/16"" 230MM 4500W 220V""",226.23
993,2022-09-06,"TUBULAR U"" 11mmØx510mm 3kW 460V 3pz""",693.77
994,2022-09-06,"TERMOPAR K DOBLE CAL8 x18 FUND INOX 316""",1261.99
995,2022-09-06,TERMOPAR K DOBLE CAL14x21 FUNDA CERAMICA,0.0
996,2022-09-06,"TER EK DOBLE1/2Øx12""x24"" EN INOX-T316""",0.0
997,2022-09-07,"PT-100 3/16""Øx3 1/2"" LONG EXT3MTS,3HILOS",313.65
998,2022-09-07,"PT-100 5/16""ØX1MT CON1/2""-1/2""NPT C/MARI",0.0
999,2022-09-07,"CAS INOX 1/2""ØX8"" 500W 127V EXT30CM",0.0
1000,2022-09-07,"TUS INOX 5/16""ØX30CM 1000W 127V ""U""",42.8
1001,2022-09-08,"BC PLANA 6""LARx4 1/4""ANC 2000W 220V C/TJ",0.0
1002,2022-09-08,BOB 8020 CAL.19 1612W 127V CER-10CANALES,100.13
1003,2022-09-08,BOB 8020 CAL.19 1612W 127V CER-8CANALES,894.91
1004,2022-09-08,"CAS INOX 1/2""ØX3"" 400W 127V EXT.30CM",0.0
1005,2022-09-08,"TERMOPAR CERAMICO T/K"" LONG 24"" CAL 8""",260.2
1006,2022-09-08,CAS INOX 12.5MMØX165MM 300W 280V EXT.1MT,137.83
1007,2022-09-08,CAS INOX 12.5MMØX265MM 400W 280V EXT.1MT,203.69
1008,2022-09-08,CAS INOX 12.5MMØX85MM 150W 280V EXT.1MT,126.54
1009,2022-09-08,BAN P INOX 75MMX254MM 350W 127V T/TOR,68.35
1010,2022-09-08,"TUB INOX.5/16""Øx473mm U 2500W 220V TAPO",388.11
1011,2022-09-08,BAN P INOX 75MMX254MM 350W 127V T/TOR,68.35
1012,2022-09-08,"TUB INOX 7/16""ØX595MM 5000W 220V ""U"" BUS",330.66
1013,2022-09-09,"TUB. ENCAPSULADA 5/16Øx780mm 1500W 240V""",331.61
1014,2022-09-09,TUBULAR 11mmØx450mm 4500W 480V 6pz,1388.82
1015,2022-09-09,"TERMOPAR CERAMICO T/K"" LONG 12"" CAL 8""",144.4
1016,2022-09-09,"TUB INOX 1/4""Øx355MM 4500W230V ESP/PLAC",0.0
1017,2022-09-09,"TUB INOX 5/16""ØX205MM 1000W 127V ""U"" BUS",0.0
1018,2022-09-12,"BOQUILLA 11/2X1""1/2"" 300W 240V""",253.0
1019,2022-09-12,TERMOPAR J 3/16 Ø X 1' 1/2 EXT. 2.5 MT,77.13
1020,2022-09-12,"TUB INOX 1/4""Øx150MM 900W 220V ESP/NAYLA",0.0
1021,2022-09-12,"CAS INOX 1/2""ØX5"" 750W127V EXT.30CM",107.5
1022,2022-09-12,"CAS INOX 1/2""ØX41/2"" 500W127V ESCUADRA",158.36
1023,2022-09-12,TERMOPAR J 3/16 Ø X1'  1/2 EXT.  8 MT,265.64
1024,2022-09-12,TERMOPAR J 3/16 Ø X 1' 1/2 EXT. 4 MT,125.68
1025,2022-09-13,"TERMOPAR CERAMICO T/ K"" LONG 12"" CAL.14""",57.6
1026,2022-09-13,"CAS INOX1/4""ØX4 1/2"" 350W240V ESCUADRA",0.0
1027,2022-09-13,"BOQUILLA 11/2X1""1/2"" 300W 240V""",253.0
1028,2022-09-14,"TUB INOX 3/8""ØX66MMØ 250W 127V CIRCULAR",0.0
1029,2022-09-14,"TER K 3/16""ØX1"" EXT.7MTS MALLA  Z/ESPADA",286.59
1030,2022-09-14,"TUB INOX716Øx1421mm LONG ""M"" 3000W/220V""",168.4
1031,2022-09-14,TERMOPAR J 3/16 Ø X 1' 1/2 EXT. 2 MT,78.65
1032,2022-09-14,TERMOPAR J 3/16 Ø X1'  1/2 EXT.  8 MT,265.64
1033,2022-09-14,REPARACION MARCADORA DE LLANTAS,91.4
1034,2022-09-14,REPARACION DE SELLADORA DE 30CM,0.0
1035,2022-09-14,"TUB INOX 1/2""ØX500MM 9000W 240V C/PLACA",0.0
1036,2022-09-14,"TUB INOX 1/2""ØX495MM 3000W220V U PLA/ACO",0.0
1037,2022-09-15,"TUB INOX 3/8""ØX235MM 3300W 230V CLIP/PLA",406.12
1038,2022-09-15,"TUB INOX 1/2X903mm 3000W 120V BUSHING""",0.0
1039,2022-09-19,TIRA P INOX. 300mmx38mm 500W 220V TORNIL,0.0
1040,2022-09-19,"CAS INOX 3/8""ØX4"" 200W 127V EXT.30CM",0.0
1041,2022-09-19,"TUBULAR  J"" 5/16"" 230MM 4500W 220V""",226.23
1042,2022-09-19,"TUBULAR  J"" 5/16"" 230MM 4500W 220V""",226.23
1043,2022-09-19,"TUB INOX 7/16""ØX510MM ""U""8000W 440V TAP",955.68
1044,2022-09-19,TERMOPAR J 3/16 Ø X 1' 1/2 EXT. 3 MT,97.49
1045,2022-09-19,"TUB INOX 7/16""ØX505MM 4500W 440V U/PLAC",0.0
1046,2022-09-20,"TUB INOX 1/2""ØX746MM 30KW 440V ""U"" BRI8""",0.0
1047,2022-09-20,TERMOPAR J 3/16 Ø X 1' 1/2 EXT. 2 MT,78.65
1048,2022-09-20,"TUB INOX 5/16""ØX30CM 2000W 240V ""M"" BUSH",0.0
1049,2022-09-20,"TUB INOX 1/4""ØX1105MM 900W 127V RECTA/ZA",0.0
1050,2022-09-20,"TER J 3/16""ØX8"" CON 1/2""-1/2"" NPT C/MAR",0.0
1051,2022-09-20,"TUB COBRE 5/16""ØX158MM 1250W 127V ""J""TAP",0.0
1052,2022-09-21,"TER K 5/16""ØX310MM CON-1/2""NPT PROC C/MA",0.0
1053,2022-09-22,"TUB U"" 7/16""x500mm 7000W480V 3PZ/1JGO""",0.0
1054,2022-09-22,"TUB RECTA 1/2øX800mm 950W 140V""",130.97
1055,2022-09-22,"TUB RECTA 1/2""ØX800MMLON 1000W 73V T/TOR",0.0
1056,2022-09-22,"TERMOPAR ""K"" C/ELEMENTO CAL.8 X750 MM",0.0
1057,2022-09-22,"TUB INOX 1/2""ØX360MM 1500W 480V ESP",0.0
1058,2022-09-22,"TUB INOX 5/16""ØX90CM 1500W 480V ""L"" TOR",0.0
1059,2022-09-22,TIRA INOX 38MMX60CM 1000W 220V T/CENTRO,0.0
1060,2022-09-22,"TUB INOX 5/16""ØX362CM 5000W220 V T/CABLE",438.39
1061,2022-09-22,TUE Ø 8 MM X 303 APROX 5000 W 220 V,523.53
1062,2022-09-22,"TUB INOX 5/16""ØX307MM  2100W220V ""M"" CUA",164.55
1063,2022-09-22,REPARACION TUBO PYREX 7.2 OHMS,33387.05
1064,2022-09-22,TERMOPAR J 3/16 Ø X 1' 1/2 EXT. 2 MT,78.65
1065,2022-09-22,"BOQUILLA 11/2X1""1/2"" 300W 240V""",253.0
1066,2022-09-23,"BOQUILLA 2X2""  350W 240V""",220.0
1067,2022-09-23,"TUB INOX 7/16""ØX42CM 2000W 240V ""M"" BUSH",345.97
1068,2022-09-23,"TUB INOX 7/16""ØX42CM 2000W 240V ""M"" BUSH",0.0
1069,2022-09-23,"CAR INOX 3/8""Øx26CMS LONG 1200W 127V CAB",0.0
1070,2022-09-23,"CBS INOX 3/8"" DE ØX61CMTS1200W127V TF",0.0
1071,2022-09-23,"TUB INCOLOY 1/2""Øx412mm J 9KW 240V PLACA",685.68
1072,2022-09-23,"TUB INCOLOY 1/2""Øx412mm J 9KW 240V PLACA",685.68
1073,2022-09-23,"TUB INCOLOY 1/2""Øx412mm J 9KW 240V PLACA",685.68
1074,2022-09-23,"TUB INCOLOY 1/2""Øx412mm J 9KW 240V PLACA",685.68
1075,2022-09-23,"TERMOPAR CERAMICO T/K"" LONG 12"" CAL 8""",144.4
1076,2022-09-23,BP S/BLINDA 300MMX698MM 2500W 230V 18BA,816.73
1077,2022-09-23,BP S/BLINDA 300MMX698MM 2000W 230V 18BA,930.34
1078,2022-09-23,TERMOPAR J 3/16 Ø X 1' 1/2 EXT. 1 MT,48.2
1079,2022-09-26,FAB RESISTENCIA DSD CAL.12 X40CMX10CM,0.0
1080,2022-09-26,BC INOX 144MMØ X87MM 2100W 400V SIN/CAJA,1116.84
1081,2022-09-26,BL INOX 60mmØx50mm 400W 120/240V EXT30CM,0.0
1082,2022-09-26,BAN INOX 146MMØX40MM 500W230V CINT/ALLEN,155.35
1083,2022-09-26,"BAN INOX 9""ØX3"" ANCH 1700W 230V T/CABLE",253.99
1084,2022-09-26,PT-100 7.5MMØX95MM EXT.48CM 3H C/MACHO,0.0
1085,2022-09-26,PT-100 6MMØX30MM EXT3MT BAY-2G RES/MALLA,0.0
1086,2022-09-26,TEA J 6MMØX30MM EXT.2MT RESOR/BOY2G/CLAV,0.0
1087,2022-09-26,"TUB INOX 7/16""ØX330MM 1100W 210V ALE/BUS",0.0
1088,2022-09-26,"TUA ""U"" 1/2""Øx18"" 4kW 220V BUSHING LATON",0.0
1089,2022-09-26,"CAS INOX 5/8""ØX6"" 500W 240V EXT30CM",0.0
1090,2022-09-26,"PRECALENTADOR 2""Øx61/2""  500W127V",667.91
1091,2022-09-27,"TUA ""U"" 7/16""X1000mm 5KW 440V C/TAP LAT",0.0
1092,2022-09-27,"TERMOPAR CERAMICO T/ K"" LONG 12"" CAL.14""",57.6
1093,2022-09-28,"TUB. ENCAPSULADA 5/16Øx780mm 1500W 240V""",288.77
1094,2022-09-29,TIRA INOX 38MMX45CM 750W220V TER/TIPO H,0.0
1095,2022-09-29,BAN INOX 260MMØX35MM 1000W 440V EXT30CM,0.0
1096,2022-09-29,CERAMICO OVALADO P/ ELEMENTO C-14- 2 BAR,6.0
1097,2022-09-29,"TERMOPAR CERAMICO T/ K"" LONG 12"" CAL.14""",50.94
1098,2022-09-29,"TUB INOX 7/16""Øx950mm U 2777W 440V BUSHI",0.0
1099,2022-09-29,TERMOPAR J3/16 Ø X 1' 1/2 EXT.  1.5 MT,62.95
1100,2022-09-30,"TUB INOX. 5/16""Øx1160mm 1750W120V BUSHIN",0.0
1101,2022-09-30,"TUB INOX 1/2""ØX80CM 80KW 440V ""U"" PLAC",0.0
1102,2022-09-30,"TUB INOX 5/16""ØX190MM 1250W127V TAP1""NPT",332.9
1103,2022-09-30,"AK 1/16""ØX265MM EXT1MT MALLA  C/MACHO",0.0
1104,2022-09-30,FABRICACIÓN ESPECIAL 1300W 115V,0.0
1105,2022-09-30,"CAS INOX 5/8""ØX2"" 300W 240V EXT.30CM",0.0
1106,2022-09-30,"CAS INOX 1/2""ØX2"" 300W 240V EXT30CM",0.0
1107,2022-09-30,"TUB INOX. 5/16""Øx510mm CLIP 9KW 230V TAP",800.35
1108,2022-09-30,"TUB INOX 5/16""ØX390MM 3350W 240V ESP/ZAP",0.0
1109,2022-09-30,"TUB INOX 7/16""ØX277MM 2000W 220V ""M"" BUS",0.0
1110,2022-09-30,"CAS INOX 3/8""ØX11/2"" 175W127V C/TJ EXT30",0.0
1111,2022-09-30,"CAS INOX. 3/8""Øx4"" LONG 500W 120V CABLE",0.0
1112,2022-10-04,"TERMOPAR CERAMICO T/K"" LONG 24"" CAL 8""",222.0
1113,2022-10-04,"TERMOPAR K 3/16Ø  X 1'  1/2 EXT. 2 MT""",90.91
1114,2022-10-04,"TERMOPAR K 3/16Ø X 1'  1/2 EXT. 3 MT""",113.59
1115,2022-10-04,"TERMOPAR CERAMICO T/K"" LONG 12"" CAL 8""",144.4
1116,2022-10-04,"TER K 1/4""ØX4"" CON1/2""-1/2"" NPT C/MAR",0.0
1117,2022-10-04,TERMOPAR J 3/16 Ø X 1' 1/2 EXT. 7 MT,236.6
1118,2022-10-04,"TERMOPAR K 3/16Ø X 1'  1/2 EXT. 3 MT""",0.0
1119,2022-10-04,BAN M/LUNA 190MMØX230MMX46MM 1350W127V T,0.0
1120,2022-10-04,"TUB INOX 1/4""ØX1450MM ""U"" ESP 7500W440V",0.0
1121,2022-10-04,BAN P COMUN 24MMØX108CM 1750W220V T/TORN,0.0
1122,2022-10-05,"BOQUILLA 2X2""  350W 240V""",220.0
1123,2022-10-05,"TERMOPAR CERAMICO T/ K"" LONG 12"" CAL.14""",0.0
1124,2022-10-06,TERMOPAR J3/16 Ø X 1' 1/2 EXT.  1.5 MT,62.95
1125,2022-10-06,REPARACION MUFLA DE 3600W 230V,0.0
1126,2022-10-06,"TUB Ø 7/16 X 71 CM LONG ""U"" 3600W440V",338.22
1127,2022-10-07,BAN P INOX 155MMX80MM 343W 220V EXT30CM,0.0
1128,2022-10-07,"BOQUILLA 2X2""  350W 240V""",220.0
1129,2022-10-07,BASTIDOR RESISTENCIAS ELSTEIN 12KW 460V,0.0
1130,2022-10-07,BAN INOX 298MMØX50MM 1500W 240V T/TOR,0.0
1131,2022-10-07,BAN INOX DE 176MMØX100MM 2000W 240V T/TO,0.0
1132,2022-10-07,REPARACION HORNO 1000W 110V,0.0
1133,2022-10-10,"TU ""U"" Ø 8 MM X 500 MM 3000 W 220V",600.03
1134,2022-10-10,"TERMOPAR CERAMICO T/K"" LONG 12"" CAL 8""",0.0
1135,2022-10-10,"TUB INOX 7/16""ØX495MM 3000W 240V BUSH",0.0
1136,2022-10-11,"TUBULAR U"" 11mmØx510mm 3kW 460V 3pz""",2392.5
1137,2022-10-11,"BANDA MED. LUNA 22.1/2""x6"" 3kW 460V",421.11
1138,2022-10-12,"BAN P INOX 5 1/2""X5 1/2"" 660W220V EX30CM",89.76
1139,2022-10-12,"BAN P INOX 5 1/2""X4 1/2"" 600W220V ESPEC",72.34
1140,2022-10-12,"TUB ""J"" Ø 3/8 X 1155 MM TOTAL 2400 W 440",0.0
1141,2022-10-12,"TU ""J"" Ø 3/8 X 1155 MM 2400W 440V TERMOS",0.0
1142,2022-10-12,"CAS INOX 3/8""ØX4"" 400W 127V EXT 1M/SOGUI",0.0
1143,2022-10-12,"TUB. ENCAPSULADA 5/16Øx780mm 1500W 240V""",0.0
1144,2022-10-12,"TUBULAR  U"" 1/2""Øx660mm 4500W440V 3pz""",640.51
1145,2022-10-12,"TUB INOX 5/16""ØX30CM 2000W 240V ""M"" BUSH",0.0
1146,2022-10-13,"TUB INOX 7/16""ØX72CM 1000W 220V RECTA",0.0
1147,2022-10-13,"TUB INOX 1/4""ØX215MMX175MM 820W110V CUAD",0.0
1148,2022-10-14,"TUB INOX 5/16""ØX215MM 1500W 240V U 1""NPT",316.45
1149,2022-10-14,CALTA 8MM Ø X 240 MM 500 W 220 V RECTO,0.0
1150,2022-10-14,CARTUCHO 8MMØ X290MM 500W 220V,0.0
1151,2022-10-14,CARTUCHO Ø 8 MM X340 MM 500W 220 V,124.77
1152,2022-10-14,CARTUCHO Ø 8MM X 520 MM 500 W 220 V,0.0
1153,2022-10-14,CARTUCHO DE 8MM X 590MM LONG. 500W 220V,0.0
1154,2022-10-14,CARTUCHO ESC.Ø 8MM X 325 MM 500W 220V,0.0
1155,2022-10-14,"CARTUCHO ALTA 1/4 Ø X 12 500 W 220V""",0.0
1156,2022-10-17,"TUB INCOLOY 1/2""Øx412mm J 9KW 240V PLACA",586.32
1157,2022-10-17,BAN P INOX 121MMX121MM 250W 240V ESP,0.0
1158,2022-10-17,BAN P INOX 255MMX120MM 1250W 240V T/TOR,0.0
1159,2022-10-17,BAN P INOX 260MMX186MM 1800W 240V T/TOR,0.0
1160,2022-10-17,BAN P INOX 120MMX47.5MMX23MM 250W 240V T,0.0
1161,2022-10-18,CAS INOX 12.5MMØX125MM 300W 280V EXT1MT,131.45
1162,2022-10-18,CAS INOX 12.5MMØX165MM 300W 280V EXT.1MT,137.63
1163,2022-10-18,CAS INOX 12.5MMØX265MM 400W 280V EXT.1MT,203.69
1164,2022-10-18,CAS INOX 12.5MMØX85MM 150W 280V EXT.1MT,126.29
1165,2022-10-18,"TUB RECTA 1/2øX800mm 950W 140V""",127.62
1166,2022-10-18,"TUB U"" 7/16 Ø X50 CM 10 KW 440 V DELTA""",1119.39
1167,2022-10-18,"TUB INOX 5/16""ØX203MM 1500W 240V U TAP1""",331.33
1168,2022-10-18,"TUB INOX 1/4""ØX113CM 1000W 127V ESPECIAL",379.55
1169,2022-10-19,CAS INOX 8MMØX120MM 350W260V EXT.1.5MT,82.34
1170,2022-10-19,CAS INOX 12.5MMØX200MM 1300W260V EXT1.5M,245.96
1171,2022-10-19,REPARACION DE TERMINALES DE CARTUCHO,67.84
1172,2022-10-19,"TUA INCOLOY 1/2""ØX59CM 15KW220V T2 1/2""",2496.65
1173,2022-10-19,BP S/BLINDA 300MMX698MM 2500W 230V 18BA,982.4
1174,2022-10-19,PISTOLA DE AIRE 3500W 220V,130.12
1175,2022-10-19,TERMOPAR J 3/16 Ø X 1' 1/2 EXT. 2 MT,78.68
1176,2022-10-20,"TEA 1/4""ØX11.5MM EXT.5MT C-1/2""NPT RESOR",414.84
1177,2022-10-20,"TEA 1/4""ØX11.5MM EXT.5MT C-1/2""NPT RESOR",414.84
1178,2022-10-20,BAN INOX 225MMØX39MM 400W 127V EXT30CM,117.24
1179,2022-10-20,"TERMOPAR CERAMICO T/K"" LONG 18"" CAL 8""",173.0
1180,2022-10-20,"TERMOPAR CERAMICO T/K"" LONG 24"" CAL 8""",222.0
1181,2022-10-20,"TERMOPAR CERAMICO T/ K"" LONG 12"" CAL.14""",57.6
1182,2022-10-20,"TUB INOX 7/16""x105CMS 1500W 220V BUSHING",218.33
1183,2022-10-20,BOB DSD CAL.15 9.5MMØX2MT 1680W127V GAZA,57.07
1184,2022-10-21,"CAS INOX 1/2""ØX1 1/2"" 250W 127V EXT.30CM",0.0
1185,2022-10-21,CAS 12MMØX312MM 300W110V ESCUAD EXT102CM,0.0
1186,2022-10-21,"TUB INOX 1/2""X66CM 4500W 480V 2 1/2"" 3PZ",1931.62
1187,2022-10-21,"CAS INOX 1/2""ØX3 1/2"" 400W 127V EXT.30CM",90.42
1188,2022-10-21,"CARTUCHO 3/8"" X 8"" 250W, 240V. TUBO PLIC",251.37
1189,2022-10-21,"CBE INOX 3/8""ØX8"" 250W 240V EXT42"" 37""PL",213.77
1190,2022-10-21,"TUB INOX 5/16Øx1790mm 1300W 220V BUSHIG""",291.33
1191,2022-10-24,"BAN P INOX 5 1/2""X5 1/2"" 660W220V EX30CM",89.76
1192,2022-10-24,"BAN P INOX 5 1/2""X4 1/2"" 600W220V ESPEC",72.34
1193,2022-10-24,BAN P INOX 168MMX88MM 300W 240V EXT50CM,150.44
1194,2022-10-24,BAN P INOX 115MMX93MM 300W 240V EXT50CM,53.71
1195,2022-10-24,BAN P INOX 178MMX110MMX150MM 500W240V,108.81
1196,2022-10-24,"BC PLANA 6""LARx4 1/4""ANC 2000W 220V C/TJ",472.22
1197,2022-10-24,"TEA K 3/16""ØX3/4"" EXT1.5MT CON-1/8"" NPT",170.55
1198,2022-10-24,"TUB INOX 5/16""ØX114CM 1500W 220V U 1NPT",0.0
1199,2022-10-24,"TUB INOX 1/2""ØX85CM 22KW 440V CLIP/PLAC",0.0
1200,2022-10-24,"TEA J 3/16""ØX40CM EXT3MT C/TORNILLO 1/4""",166.83
1201,2022-10-25,"TUB INOX 5/16""ØX43CM1850W240V ""M ESP/TOR",93.2
1202,2022-10-25,"TUB INOX 5/16""ØX43CM1850W240V ""M ESP/TOR",93.2
1203,2022-10-25,BC INOX 137MMØX100MM 1800W 240V BLOCK,663.12
1204,2022-10-25,BAN P INOX 45MMX200MM 350W 240V EXT30CM,0.0
1205,2022-10-25,BAN P INOX 70MMX122MM 350W 240V EXT30CM,0.0
1206,2022-10-25,"BAN INOX 2""ØX7"" 750W 127V EXT.30CM CANTO",0.0
1207,2022-10-25,"BOQUILLA 2X2""  350W 240V""",300.0
1208,2022-10-26,TERMOPAR J 3/16 Ø X 1' 1/2 EXT. 1 MT,48.2
1209,2022-10-26,"CAS INOX 1/4""ØX5 1/2"" 400W 240V EXT30CM",0.0
1210,2022-10-26,"CAS INOX 1/4""ØX6"" 400W 240V EXT30CM",53.33
1211,2022-10-26,TERMOPAR J 3/16 Ø X 1' 1/2 EXT. 3.5 MT,126.71
1212,2022-10-26,"CAS INOX 1/2""ØX4"" 600W 240V EXT3M 30CMSI",235.35
1213,2022-10-26,"CAS INOX 1/2""ØX4"" 600W240V EXT3M PLI30CM",277.2
1214,2022-10-26,"TEA J 1/4""ØX8"" EXT1.5MT C/TORNILLO-3/8""Ø",145.23
1215,2022-10-26,BAN M/LUNA 280MMØX260MM 3000W 440V CLAV,1047.18
1216,2022-10-27,TERMOPAR J 3/16 Ø X1'  1/2 EXT.  8 MT,265.64
1217,2022-10-27,TERMOPAR J 3/16 Ø X 1' 1/2 EXT. 6 MT,205.2
1218,2022-10-27,TERMOPAR J 3/16 Ø X 1' 1/2 EXT. 4 MT,125.68
1219,2022-10-27,"TER J 3/16""ØX2"" EXT50CM ZAP/PIN",99.22
1220,2022-10-27,FAB RESISTENCIA DSD CAL.12 X40CMX10CM,0.0
1221,2022-10-27,TERMOPAR J 3/16 Ø X 1' 1/2 EXT. 2 MT,78.68
1222,2022-10-27,"TUB INOX 1/2""X66CM 4500W 480V 2 1/2"" 3PZ",1931.62
1223,2022-10-28,REP. DE ELEMENTO TK CAL.20X36.5XCM,78.38
1224,2022-10-28,"TUB INOX 7/16""ØX40CM 1000W 127V ""M"" BUSH",332.12
1225,2022-10-28,"TUB INOX 7/16""ØX40CM 1000W 127V ""M"" BUSH",332.12
1226,2022-10-28,FABRICACIÓN ESPECIAL 1300W 115V,1721.28
1227,2022-10-28,"TUB INOX. 5/16""Øx320mm 750W, 120V. U",63.09
1228,2022-10-28,TERMOPAR J3/16 Ø X 1' 1/2 EXT.  1.5 MT,62.95
1229,2022-10-31,"TUB INOX 1/4""ØX80CM 800W127V RECTA T/ZAP",69.55
1230,2022-10-31,TERMOPAR J3/16 Ø X 1' 1/2 EXT.  1.5 MT,62.95
1231,2022-10-31,TERMOPAR J 3/16 Ø X1'  1/2 EXT.  8 MT,265.64
1232,2022-10-31,"TER J 1/8""ØX2 1/2"" EXT1.5MT TRAN/RESOR",81.99
1233,2022-10-31,"TUB INOX 7/16""ØX50CM 2500W 240V ""U"" BUSH",0.0
1234,2022-10-31,CAM INOX 10MMØX16CM 400W240V RECT EX30CM,63.37
1235,2022-10-31,"PT-100 5/16""ØX1MT CON1/2""-1/2""NPT C/MARI",521.55
1236,2022-10-31,TERMOPAR J 3/16 Ø X 1' 1/2 EXT. 2 MT,76.08
1237,2022-10-31,TERMOPAR J 3/16 Ø X1'  1/2 EXT.  8 MT,211.36
1238,2022-10-31,"FAB. TUBO INOX 1/2""Ø C40 X 1.7M C/ALETAS",0.0
1239,2022-11-01,TERMOPAR J3/16 Ø X 1' 1/2 EXT.  1.5 MT,62.95
1240,2022-11-01,TERMOPAR J 3/16 Ø X 1' 1/2 EXT. 1 MT,48.2
1241,2022-11-01,"CAS INOX 1/2""ØX8"" 500W 127V EXT30CM",127.11
1242,2022-11-03,"CAS INOX 5/8""ØX9"" 500W 240V EXT30CM",0.0
1243,2022-11-03,REPARACION DE TANQUE DE BAÑO MARIA 127V,0.0
1244,2022-11-04,TERMOPAR J3/16 Ø X 1' 1/2 EXT.  1.5 MT,62.95
1245,2022-11-04,CAS INOX 12.5MMØX125MM 300W 280V EXT1MT,131.45
1246,2022-11-04,CAS INOX 12.5MMØX165MM 300W 280V EXT.1MT,137.63
1247,2022-11-04,CAS INOX 12.5MMØX265MM 400W 280V EXT.1MT,0.0
1248,2022-11-04,CAS INOX 12.5MMØX85MM 150W 280V EXT.1MT,126.29
1249,2022-11-04,"TUB INOX. 5/16""Øx625mm 1200W, 220V. U",98.82
1250,2022-11-04,"TUB INOX 5/16""x625mm 950W 220V U",112.34
1251,2022-11-04,"TUB INOX. 5/16 Øx625mm 850W,220V U",99.83
1252,2022-11-04,BOB 8020 CAL.22 2.8MMØX3MT GAZA 50MM 127,0.0
1253,2022-11-04,REPARACION DE HORNO LINDBERG/BLUE M,0.2
1254,2022-11-07,TERMOPAR J3/16 Ø X 1' 1/2 EXT.  1.5 MT,51.36
1255,2022-11-07,TERMOPAR J 3/16 Ø X 1' 1/2 EXT. 2 MT,68.2
1256,2022-11-07,"ELEM K CAL. 8 x12"" C/FUNDA CERAMICA",1164.2
1257,2022-11-07,"TUB INOX 1/2""ØX850MM 6000W 240V ALET/PLA",0.0
1258,2022-11-08,"TUB INOX 1/4""ØX65MM 180W 127V CIRCU/BASE",18.45
1259,2022-11-08,"TUB INOX 7/16""ØX36CM 2000W 240V ""M"" BUSH",339.91
1260,2022-11-08,FAB. DE BASTIDOR 8020 2700W 240V 28X24X5,0.0
1261,2022-11-08,"CBS 90° 3/4""Øx39.9/16 2600W400V EXT. 55""",676.87
1262,2022-11-08,"BOQUILLA 11/2X1""1/2"" 300W 240V""",278.0
1263,2022-11-08,"TERMOPAR K 3/16Ø  X 1'  1/2 EXT. 2 MT""",96.83
1264,2022-11-09,"BAN P INOX 5 1/2""X5 1/2"" 660W220V EX30CM",89.76
1265,2022-11-09,"BAN P INOX 5 1/2""X4 1/2"" 600W220V ESPEC",72.34
1266,2022-11-10,"TER J 1/4""ØX3 1/2"" CON-1/2""-1/2"" EXT30CM",420.67
1267,2022-11-10,"TUB Ø 7/16 X 71 CM LONG ""U"" 3600W440V",401.65
1268,2022-11-10,"TUBULAR  ""U"" 5/16""Øx13.5"" 4500W480V 3pz",385.09
1269,2022-11-10,"TUB. ENCAPSULADA 5/16Øx780mm 1500W 240V""",316.19
1270,2022-11-10,"PT-100 3/16""ØX3"" CON 1/2""-1/2"" NPT C/MAR",0.0
1271,2022-11-10,"PT-100 3/16""ØX15CM CON1/2""-1/2"" C/MAR",518.43
1272,2022-11-10,CBS INOX 20MMØX68CM 1200W 254V EXT.25CM,469.53
1273,2022-11-11,BAN M/LUNA 220MMØX155MM 1500W 440V C/STD,208.88
1274,2022-11-11,TERMOPAR J3/16 Ø X 1' 1/2 EXT.  1.5 MT,0.0
1275,2022-11-11,"TUB INOX 5/16""ØX27CM 1000W 240V ESPECIAL",67.56
1276,2022-11-11,"TERMOPAR CERAMICO T/ K"" LONG 12"" CAL.14""",57.6
1277,2022-11-11,"TUB INOX 1/2""ØX75CM ""U"" 30KW440V BRIDA6""",0.0
1278,2022-11-14,"TUB INOX 1/2""ØX365MM 1650W127V ""M"" A 90°",0.0
1279,2022-11-14,PISTOLA DE AIRE 3500W 220V,129.7
1280,2022-11-15,BAN P 38MMX105CM 1000W 240V T/TOR C/TK,257.11
1281,2022-11-15,"TUBULAR U"" 5/16"" 203MM 1500W 127V""",325.78
1282,2022-11-15,"TUB INOX 5/16""ØX190MM 1250W127V TAP1""NPT",332.9
1283,2022-11-15,"TUB INOX 1/4""ØX260CM 500W 240V RECTA TOR",197.83
1284,2022-11-15,"TUB INOX 1/4""ØX235CM 500W 240V RECTA TOR",178.15
1285,2022-11-15,"TUB INOX 1/4""ØX225CM 500W 240V RECTA TOR",171.15
1286,2022-11-15,TERMOPAR J 3/16 Ø X 1' 1/2 EXT. 1 MT,48.2
1287,2022-11-15,"TERMOPAR K 3/16Ø X 1'  1/2 EXT. 1 MT""",48.1
1288,2022-11-15,PLACAS DE FIBRA CERAMICA BARRENADAS,0.0
1289,2022-11-15,"TER K 1/4""Øx79CM DOBLEZ 90° C.STD MAC/HE",78.24
1290,2022-11-16,REPARACION DE BOBINA 1800W 240V,42.65
1291,2022-11-16,"TUB INOX 7/16""ØX34CM 3200W 220V ""M"" BUSH",394.88
1292,2022-11-16,BOB DSD CAL.12 17.7MMØX55CM  5.2 OHMS,0.0
1293,2022-11-16,"TUB INOX 5/16""Øx132MM 1000W 230V ESP/CAB",129.28
1294,2022-11-16,TERMOPAR J 3/16 Ø X 1' 1/2 EXT.  5 MT,153.85
1295,2022-11-16,"CAS 1/2""ØX17"" 1800W 480V EXT.15CM",0.0
1296,2022-11-16,REPARACION DE BATIDOR 16.6KW 440V,0.0
1297,2022-11-17,"TUB INOX 1/4""ØX28CM 15KW 240V CLIP BUS/P",1541.46
1298,2022-11-17,"TER J 3/16""Øx1 1/2"" EXT 15 MTS.",519.45
1299,2022-11-17,TERMOPAR J 3/16 Ø X 1' 1/2 EXT. 10 MT,331.49
1300,2022-11-17,TERMOPAR J 3/16 Ø X 1' 1/2 EXT.  5 MT,153.85
1301,2022-11-17,"TUB INOX 7/16""ØX44.5CM 3000W127V ""U"" BUS",264.62
1302,2022-11-18,"TUB INOX.5/16""Øx473mm U 2500W 220V TAPO",199.05
1303,2022-11-18,"TUB INOX 7/16""ØX595MM 5000W 220V ""U"" BUS",0.0
1304,2022-11-18,TERMOPAR J 3/16 Ø X 1' 1/2 EXT. 3 MT,97.49
1305,2022-11-18,TERMOPAR J 3/16 Ø X 1' 1/2 EXT. 1 MT,48.2
1306,2022-11-18,TERMOPAR J3/16 Ø X 1' 1/2 EXT.  1.5 MT,63.31
1307,2022-11-18,TERMOPAR J 3/16 Ø X 1' 1/2 EXT. 2 MT,65.16
1308,2022-11-18,"TER J 3/16""ØX223MM EXT1MT DOBLEZ A  90°",0.0
1309,2022-11-18,"TER J 3/16""ØX120MM EXT1MT DOBLEZ A  90°",0.0
1310,2022-11-22,"TERMOPAR CERAMICO T/K"" LONG 12"" CAL 8""",144.4
1311,2022-11-22,"TERMOPAR CERAMICO T/ K"" LONG 12"" CAL.14""",57.6
1312,2022-11-22,"CBS 5/16""ØX21.1/4"" LON 500W,230V EXT1.5M",336.58
1313,2022-11-23,"TUB INOX. 7/16""Øx700mm U 10KW 440V U TAP",1318.1
1314,2022-11-23,TERMOPAR J 3/16 Ø X 1' 1/2 EXT. 10 MT,331.49
1315,2022-11-23,TERMOPAR J 3/16 Ø X1'  1/2 EXT.  8 MT,186.16
1316,2022-11-23,TERMOPAR J 3/16 Ø X 1' 1/2 EXT. 6 MT,205.2
1317,2022-11-23,TERMOPAR J 3/16 Ø X 1' 1/2 EXT. 4 MT,125.68
1318,2022-11-23,"TUB INOX 5/16""ØX2 1/2""Ø 350W 260V EXT 1M",0.0
1319,2022-11-24,TERMOPAR J 3/16 Ø X 1' 1/2 EXT. 1 MT,48.2
1320,2022-11-24,"TE ""K"" TIPO LANZA 1/2""Ø X 1331MMC/PLICA",485.13
1321,2022-11-24,BAN INOX 87MMØX35MM 500W 240V C/ALLEN,157.64
1322,2022-11-24,REAPARCION DE SELLADORA,63.9
1323,2022-11-24,"TUB INOX 5/16""ØX295MM 12KW 240V CLIP/PLA",1292.27
1324,2022-11-24,"TUB INOX 5/16""ØX130MMØ 400W127V CIRCULAR",30.45
1325,2022-11-24,"PT-100 1/4""ØX1/2"" EXT.5MT BOY-2G 3 HILOS",996.4
1326,2022-11-24,"PT-100 5/16""ØX45CM EXT 10MT MALLA/RESO",0.0
1327,2022-11-25,"CBS 90° 3/4""Øx39.9/16 2600W400V EXT. 55""",0.0
1328,2022-11-25,BP S/BLINDA 300MMX698MM 2500W 230V 18BA,936.33
1329,2022-11-25,BP S/BLINDA 300MMX698MM 2000W 230V 18BA,0.0
1330,2022-11-25,TERMOPAR J 3/16 Ø X 1' 1/2 EXT. 2 MT,0.0
1331,2022-11-25,BB INOX 34MMØX40MM 100W 127V STD C/TJ,0.0
1332,2022-11-25,"TUB. ENCAPSULADA 5/16Øx780mm 1500W 240V""",301.31
1333,2022-11-25,"TUB INOX. 5/16"" Øx2085mm ESP 1900W 230V",919.68
1334,2022-11-25,CBS INOX 14MMØX89CM 2000W240V EXT30CM,286.34
1335,2022-11-28,"TUB INOX 5/16""ØX800MM 2000W127V ""J"" TBOY",227.18
1336,2022-11-28,CAM INOX 16MMØX165MM 1000W 240V EXT30CM,137.33
1337,2022-11-28,CAM INOX 16MMØX160MM 900W 240V EXT.30CM,139.65
1338,2022-11-29,"TUB INOX 7/16""Øx190mm 2000W 400V BUS/LAT",280.14
1339,2022-11-30,BOB DSD CAL.12 17.7MMØX55CM  5.2 OHMS,89.98
1340,2022-11-30,"TUB INOX1/4""Øx230mm U 4050W 220V PLAQUIT",448.24
1341,2022-11-30,"TUB INOX 7/16""ØX50CM 4500W440V ""U"" 2""NPT",0.0
1342,2022-11-30,"TUB INOX 7/16""ØX63CM 2250W 440V ALETA/BU",0.0
1343,2022-11-30,"BAN INOX 7""ØX3"" 2200W 220V CLAV/ALLEN",328.36
1344,2022-11-30,BB INOX 38MMØX76MM 300W 120V C/TJ,78.25
1345,2022-11-30,"CART INOX 1/2"" Øx4"" 500W 120V CABLE 25CM",0.0
1346,2022-11-30,"CAS INOX 1/2""ØX41/2"" 500W127V ESCUADRA",158.36
1347,2022-11-30,"CAS INOX 1/2""ØX1 1/2"" 250W 127V EXT.30CM",96.96
1348,2022-11-30,"TUB INOX 5/16""Øx695mm ESP 650W 120V",140.88
1349,2022-11-30,ABRAZADERA INOX PARA AJUSTE 2 pz c/u,21.39
1350,2022-12-05,"TUB ALET U 5/16""ØX470MM 1000W 440V BUS/L",301.12
1351,2022-12-05,"TUB ALET U 5/16""ØX470MM 1000W 440V BUS/L",299.53
1352,2022-12-05,"BANDA MED. LUNA 22.1/2""x6"" 3kW 460V",499.2
1353,2022-12-05,TERMOPAR J 3/16 Ø X 1' 1/2 EXT. 2 MT,79.01
1354,2022-12-05,"TEA J 1/4""ØX70CM EXT50CM TORM8/LOCO CLAV",0.0
1355,2022-12-05,REPARACION DE HORNO 1500W 127V,0.0
1356,2022-12-05,"TUB INOX1/4""Øx230mm U 4050W 220V PLAQUIT",293.13
1357,2022-12-06,"CAS INOX 1/2""ØX13CM 250W 220V CON-1/2""",0.0
1358,2022-12-06,"TUB INOX 5/16""ØX172MM 1650W120V CIRCULAR",0.0
1359,2022-12-06,"TERMOPAR CERAMICO T/K"" LONG 12"" CAL 8""",144.4
1360,2022-12-07,BO ABIERTA ALAMBRE CAL. 6 40 KW 440 V,1734.88
1361,2022-12-07,CBS INOX 20MMØX68CM 1200W 254V EXT.25CM,0.0
1362,2022-12-07,ABRAZADERA INOX PARA AJUSTE 2 pz c/u,21.39
1363,2022-12-08,"TUB INCOLOY 1/2""Øx412mm J 9KW 240V PLACA",466.2
1364,2022-12-08,"TERMOPAR CERAMICO T/ K"" LONG 12"" CAL.14""",57.6
1365,2022-12-08,"TUB. ENCAPSULADA 5/16Øx780mm 1500W 240V""",315.59
1366,2022-12-08,"TEA J"" 3/16""Øx22MM EXT2MT BAY2GIR/ADAPT",119.05
1367,2022-12-08,"TUB INOX 7/16""ØX280CM 2000W 240V RECTA",0.0
1368,2022-12-08,"TEA K 5/8""ØX30CMX51CM C/MARINA 90° ""L""",668.13
1369,2022-12-09,"TUB INOX 1/4""Øx280mm 200W 120V RECTA ZAP",37.65
1370,2022-12-09,"TUB INOX 7/16""ØX26CM 2700W 240V ""M"" BUSH",0.0
1371,2022-12-09,"TUB INOX 5/16""Øx930mm 1000W 127V CAPUCHO",0.0
1372,2022-12-09,"TERMOPAR CERAMICO T/K"" LONG 12"" CAL 8""",144.4
1373,2022-12-09,"TERMOPAR CERAMICO T/ K"" LONG 12"" CAL.14""",57.6
1374,2022-12-09,"TUB INOX 7/16""ØX42CM 6000W 240V ""U"" PLAC",0.0
1375,2022-12-13,"TUB INOX 5/16""ØX800MM 2000W127V ""J"" TBOY",227.18
1376,2022-12-13,"CAS INOX 1/4""ØX2"" 175W240V EXT30CM C/TJ",222.14
1377,2022-12-13,"TERMOPAR CERAMICO T/K"" LONG 24"" CAL 8""",222.0
1378,2022-12-13,"TUB INOX 3/8""ØX400MM 1800W230V ""M"" ALE/B",454.72
1379,2022-12-13,TERMOPAR J 3/16 Ø X 1' 1/2 EXT. 3 MT,97.49
1380,2022-12-13,TERMOPAR J 3/16 Ø X 1' 1/2 EXT. 2.5 MT,97.3
1381,2022-12-13,TERMOPAR J 3/16 Ø X1'  1/2 EXT.  8 MT,306.53
1382,2022-12-13,"CBS 5/8""ØX330MM 1000W 240V CON1/2"" NPT",0.0
1383,2022-12-14,"TUB INOX 1/4""Øx355MM 4500W230V ESP/PLAC",414.88
1384,2022-12-14,"TUB INOX 1/4""ØX178MM 750W 110V ESP/CABLE",0.0
1385,2022-12-14,"TUB INCOLOY 1/2""Øx412mm J 9KW 240V PLACA",0.0
1386,2022-12-15,"TUBULAR  U"" 1/2""Øx660mm 4500W440V 3pz""",828.0
1387,2022-12-15,FAB. DE BASTIDOR 8020 2700W 240V 28X24X5,0.0
1388,2022-12-15,"TUBULAR  ""U"" 5/16""Øx13.5"" 4500W480V 3pz",360.7
1389,2022-12-15,TUBULAR 11mmØx450mm 4500W 480V 6pz,1311.27
1390,2022-12-15,"TUBULAR  U"" 1/2""Øx660mm 4500W440V 3pz""",773.21
1391,2022-12-16,BOB DSD CAL.12 17.7MMØX55CM  5.2 OHMS,89.98
1392,2022-12-16,"TERMOPAR CERAMICO T/ K"" LONG 12"" CAL.14""",57.6
1393,2022-12-19,"TUB INOX 7/16""ØX105CM 24KW 480V 3PZ",0.0
1394,2022-12-20,"TUB INOX 1/2""ØX1015MM 5KW 240V ""U"" ALETA",0.0
1395,2022-12-20,"TUBULAR U"" 5/16"" 203MM 1500W 127V""",0.0
1396,2022-12-20,"PT-100 3/8""ØX3CM EXT30CM TEFLON 3HILOS",0.0
1397,2022-12-20,CAS INOX 12.5MMØX125MM 300W 280V EXT1MT,131.45
1398,2022-12-20,CAS INOX 12.5MMØX165MM 300W 280V EXT.1MT,137.63
1399,2022-12-20,"TER J 3/16""ØX1"" EXT7MT MALLA Z/INOX",0.0
1400,2022-12-20,"TER J 3/16""ØX1"" EXT7MT MALLA Z/INOX",236.2
1401,2022-12-21,"CAS 5/8""ØX14"" 240V 2000W EXT1MT",0.0
1402,2022-12-21,"TUB INOX 5/16""ØX250MM 2000W 240V ""M"" BUS",0.0
1403,2022-12-22,"CBS INOX 5/8""ØX66CM 800W 480V EXT30CM",0.0
1404,2022-12-22,TUBULAR 11mmØx450mm 4500W 480V 6pz,0.0
1405,2022-12-22,CARTUCHO ESC.Ø 8MM X 325 MM 500W 220V,107.33
1406,2022-12-22,"CAR INOX 3/8""Øx8"" 900W, 240V CABLE 30CMS",0.0
1407,2022-12-22,REPARACION DE PLANCHA DE CARTUCHOS 220V,0.0
1408,2022-12-22,REPARACION DE MAQUINA,0.0
1409,2022-12-22,"TUB INOX 1/2""ØX40CM 4000W 220V ""M"" BUSH",0.0
1410,2022-12-22,"TERMOPAR CERAMICO T/K"" LONG 24"" CAL 8""",0.0
1411,2022-12-22,"TUBULAR  J"" 5/16"" 230MM 4500W 220V""",226.23
1412,2022-12-23,"TUB INOX 1/2""ØX75CM ""U"" 30KW440V BRIDA6""",4579.08
1413,2022-12-23,FAB  BOBINA DSD1 6 COLOCAR B/NUEVA 488V,78.09
1414,2022-12-23,"TIRA INOX 38MMX6"" 150W 127V T/TIPO H",51.16
1415,2022-12-23,BAN P INOX 1800x25mm 2800W 440V. CABLE,0.0
1416,2022-12-23,"TER J 3/16""ØX1/2"" EXT3MT MALLA INOX  Z/E",0.0
1417,2022-12-23,BL INOX 60mmØx50mm 400W 120/240V EXT30CM,65.31
1418,2022-12-23,BAN INOX 146MMØX40MM 500W230V CINT/ALLEN,286.13
1419,2022-12-23,"BAN INOX 9""ØX3"" ANCH 1700W 230V T/CABLE",421.91
1420,2022-12-23,PT-100 7.5MMØX95MM EXT.48CM 3H C/MACHO,477.16
1421,2022-12-23,"CAS INOX 1/2""ØX3"" 400W 127V EXT.30CM",102.31
1422,2022-12-23,"CAS INOX 1/2""ØX4"" 500W 127V EXT30CM",104.69
1423,2022-12-23,"TUB INOX 5/16""ØX300MM 5300W 220V ""M"" ESP",0.0
1424,2022-12-23,"TUB INOX 1/2""ØX500MM 10KW 220V 2 1/2""NPT",1884.35
1425,2022-12-23,FAB  BOBINA DSD1 6 COLOCAR B/NUEVA 488V,0.0
